iyear,imonth,iday,latitude,longitude,eventid
2005,1,1,33.303566000000004,44.371773,200501010001
2005,1,1,-13.6575,-73.383333,200501010002
2005,1,1,6.46052,-71.72989,200501010003
2005,1,1,44.96583,16.69917,200501010004
2005,1,1,33.732216,75.157913,200501010005
2005,1,1,27.021345,87.470224,200501010006
2005,1,1,44.46867,-71.185077,200501010007
2005,1,1,6.491822,101.3885,200501010019
2005,1,1,31.584056,34.503468,200501010020
2005,1,1,31.502407,34.459743,200501010021
2005,1,1,31.355579,34.274364,200501010022
2005,1,2,44.716667,37.766667,200501020001
2005,1,2,35.303047,44.329933,200501020002
2005,1,2,34.85,5.733333,200501020003
2005,1,2,34.621521,43.668377,200501020004
2005,1,2,34.621521,43.668377,200501020005
2005,1,2,34.010471,44.148235,200501020006
2005,1,2,31.374332,34.398757,200501020008
2005,1,2,31.343994,34.277683,200501020009
2005,1,2,32.468191,44.550194,200501020011
2005,1,2,30.510054,47.778095,200501020012
2005,1,2,33.303566000000004,44.371773,200501020013
2005,1,2,33.303566000000004,44.371773,200501020014
2005,1,2,33.303566000000004,44.371773,200501020015
2005,1,2,31.98958,44.923775,200501020016
2005,1,2,31.551514,34.517419,200501020017
2005,1,2,34.208416,43.890713,200501020018
2005,1,2,54.951082,-6.558998,200501020019
2005,1,2,31.332243,34.240841,200501020020
2005,1,2,31.355579,34.274364,200501020021
2005,1,2,31.5282,34.596382,200501020022
2005,1,2,31.403616,34.35907,200501020023
2005,1,2,31.5282,34.596382,200501020024
2005,1,3,5.541471,95.342957,200501030001
2005,1,3,-1.393147,120.754749,200501030002
2005,1,3,34.875656,71.152008,200501030003
2005,1,3,6.152044,5.648732,200501030004
2005,1,3,33.74324,44.623825,200501030005
2005,1,3,33.303566000000004,44.371773,200501030007
2005,1,4,27.23615,86.383331,200501040001
2005,1,4,33.303566000000004,44.371773,200501040002
2005,1,4,42.309409,9.149022,200501040003
2005,1,5,7.332321,124.565053,200501050002
2005,1,5,33.778175,76.576171,200501050003
2005,1,5,33.74324,44.623825,200501050004
2005,1,5,32.469238,44.416637,200501050006
2005,1,5,29.039622,81.251883,200501050008
2005,1,6,6.202025,101.252379,200501060001
2005,1,6,25.381092,86.464994,200501060002
2005,1,6,25.37915,97.388069,200501060003
2005,1,7,34.08374,74.789902,200501070001
2005,1,7,36.192589,44.004623,200501070003
2005,1,7,6.5425,101.283056,200501070004
2005,1,8,33.420948,43.295662,200501080001
2005,1,8,-3.333204,29.249419,200501080002
2005,1,8,32.654751,44.408989,200501080003
2005,1,8,35.918091,74.289803,200501080004
2005,1,9,33.74324,44.623825,200501090001
2005,1,9,5.541471,95.342957,200501090002
2005,1,8,7.928636,81.436831,200501090003
2005,1,9,47.039225,-122.891429,200501090004
2005,1,10,6.644421,122.273133,200501100001
2005,1,10,33.07835,44.254719,200501100003
2005,1,10,43.2267,44.770569,200501100004
2005,1,10,29.803965,66.85099,200501100005
2005,1,10,33.303566000000004,44.371773,200501100006
2005,1,10,33.303566000000004,44.371773,200501100007
2005,1,11,6.202025,101.252379,200501110001
2005,1,11,34.621521,43.668377,200501110002
2005,1,11,37.99749,23.762728,200501110003
2005,1,12,31.348022,34.491093,200501120001
2005,1,12,33.303566000000004,44.371773,200501120003
2005,1,12,2.059819,45.326115,200501120004
2005,1,12,13.938569,121.612011,200501120005
2005,1,12,38.88302,-121.078378,200501120006
2005,1,13,59.332788,18.064488,200501130001
2005,1,13,33.303566000000004,44.371773,200501130002
2005,1,13,33.303566000000004,44.371773,200501130003
2005,1,13,42.21246,20.724166,200501130004
2005,1,13,34.023571,44.031361,200501130005
2005,1,13,42.932856,46.256568,200501130006
2005,1,13,15.325443,44.211895,200501130007
2005,1,13,34.208416,43.890713,200501130008
2005,1,13,33.100529,44.584492,200501130009
2005,1,13,32.925266,44.770956,200501130010
2005,1,13,33.74324,44.623825,200501130011
2005,1,13,33.74324,44.623825,200501130012
2005,1,13,35.45211,44.375465,200501130013
2005,1,13,35.45211,44.375465,200501130014
2005,1,14,7.209594,124.241966,200501140001
2005,1,14,31.453035,34.465514,200501140002
2005,1,14,36.354145,43.14357,200501140003
2005,1,14,36.354145,43.14357,200501140004
2005,1,14,36.354145,43.14357,200501140005
2005,1,15,24.850002,89.366529,200501150001
2005,1,16,32.655556,65.959722,200501160001
2005,1,16,6.545499,101.2799,200501160002
2005,1,16,34.08374,74.789902,200501160003
2005,1,16,27.834183,82.750896,200501160004
2005,1,17,32.982933,44.361595,200501170001
2005,1,17,6.717959,101.593027,200501170002
2005,1,17,6.491822,101.3885,200501170003
2005,1,17,34.92485,43.491413,200501170004
2005,1,17,36.354145,43.14357,200501170005
2005,1,17,13.268326,120.621182,200501170006
2005,1,17,33.733336,75.148983,200501170007
2005,1,17,33.347492,35.749159,200501170008
2005,1,18,31.355579,34.274364,200501180002
2005,1,18,35.499439,43.234894,200501180003
2005,1,18,33.74324,44.623825,200501180004
2005,1,18,43.344167,-3.006389,200501180005
2005,1,18,33.303566000000004,44.371773,200501180006
2005,1,18,36.755517,3.441481,200501180007
2005,1,19,26.020721,89.974331,200501190001
2005,1,19,33.303566000000004,44.371773,200501190002
2005,1,19,9.509132,-13.712144,200501190003
2005,1,19,30.869041,66.141526,200501190004
2005,1,19,36.683333,4.666667,200501190005
2005,1,19,26.181451,93.699045,200501190006
2005,1,19,26.200604,92.937574,200501190007
2005,1,19,26.200604,92.937574,200501190008
2005,1,19,42.699997,9.447317,200501190009
2005,1,20,45.579889,84.889207,200501200001
2005,1,20,30.510054,47.778095,200501200002
2005,1,21,32.469238,44.416637,200501210001
2005,1,21,34.010471,44.148235,200501210002
2005,1,21,34.205605,74.353867,200501210003
2005,1,21,36.480453,2.83388,200501210004
2005,1,21,33.303566000000004,44.371773,200501210005
2005,1,22,32.922049,65.623048,200501220001
2005,1,22,28.490733,65.095779,200501220002
2005,1,22,6.190088,101.797961,200501220003
2005,1,22,6.190088,101.797961,200501220004
2005,1,22,36.535577,3.834176,200501220005
2005,1,23,-3.193543,29.306158,200501230001
2005,1,24,10.692441,24.329754,200501240001
2005,1,24,26.149794,91.763931,200501240002
2005,1,24,42.554742,9.424047,200501240003
2005,1,24,33.303566000000004,44.371773,200501240004
2005,1,24,36.587465,3.779068,200501240005
2005,1,25,43.320229,45.654491,200501250001
2005,1,25,43.07563,-2.223667,200501250002
2005,1,25,34.010471,44.148235,200501250003
2005,1,25,34.208416,43.890713,200501250004
2005,1,25,30.996068,65.475736,200501250005
2005,1,25,33.303566000000004,44.371773,200501250006
2005,1,26,34.621521,43.668377,200501260001
2005,1,26,36.319386,41.861473,200501260002
2005,1,26,33.303566000000004,44.371773,200501260003
2005,1,26,35.45211,44.375465,200501260004
2005,1,27,34.225807,74.641022,200501270001
2005,1,27,34.010231,74.917259,200501270002
2005,1,27,29.563396,67.793492,200501270003
2005,1,27,37.402222,40.953889,200501270004
2005,1,27,41.106178,28.689863,200501270005
2005,1,27,28.280154,83.71016,200501270006
2005,1,28,2.059819,45.326115,200501280001
2005,1,29,30.807929,73.450466,200501290001
2005,1,29,33.303566000000004,44.371773,200501290002
2005,1,30,38.84041,0.108668,200501300001
2005,1,30,31.650233,65.650057,200501300002
2005,1,30,24.891115,67.143311,200501300003
2005,1,31,34.08374,74.789902,200501310001
2005,1,31,36.354145,43.14357,200501310002
2005,1,31,33.778175,76.576171,200501310003
2005,1,31,33.778175,76.576171,200501310004
2005,1,31,6.254153,101.729605,200501310005
2005,1,31,33.165,75.503056,200501310006
2005,2,1,41.981361,44.109539,200502010001
2005,2,1,31.35769,34.328012,200502010002
2005,2,2,35.45211,44.375465,200502020001
2005,2,4,33.303566000000004,44.371773,200502040001
2005,2,5,22.81395,89.563839,200502050002
2005,2,6,33.303566000000004,44.371773,200502060001
2005,2,7,32.306099,69.579956,200502070001
2005,2,7,29.037681,66.581497,200502070002
2005,2,7,28.989147,68.011421,200502070003
2005,2,7,33.74324,44.623825,200502070004
2005,2,7,36.354145,43.14357,200502070005
2005,2,7,30.200819,66.994354,200502070006
2005,2,7,29.89716,69.527652,200502070007
2005,2,7,38.393414,-120.803032,200502070008
2005,2,8,33.303566000000004,44.371773,200502080001
2005,2,8,33.100529,44.584492,200502080002
2005,2,8,33.939181,74.63913,200502080003
2005,2,8,29.594626,66.273125,200502080004
2005,2,8,36.866882,6.253827,200502080005
2005,2,9,40.465595,-3.696263,200502090001
2005,2,9,33.303566000000004,44.371773,200502090002
2005,2,9,30.510054,47.778095,200502090003
2005,2,10,31.355579,34.274364,200502100001
2005,2,11,33.693947,45.067425,200502110001
2005,2,11,33.303566000000004,44.371773,200502110002
2005,2,11,14.1,77.28,200502110003
2005,2,12,5.980768,121.215723,200502120001
2005,2,12,32.777344,44.289352,200502120002
2005,2,12,8.980118,79.912462,200502120003
2005,2,13,33.721287,74.831062,200502130001
2005,2,13,38.896549,-121.076948,200502130002
2005,2,14,14.549431,121.033592,200502140001
2005,2,14,6.11622,125.169395,200502140002
2005,2,14,7.083241,125.600998,200502140003
2005,2,14,33.888523,35.503513,200502140004
2005,2,15,38.907241,-121.08435,200502150001
2005,2,17,5.993038,101.966181,200502170001
2005,2,17,35.08418,-106.648639,200502170002
2005,2,18,35.525966,6.229588,200502180001
2005,2,18,33.303566000000004,44.371773,200502180002
2005,2,18,33.303566000000004,44.371773,200502180003
2005,2,18,35.232159,6.239777,200502180004
2005,2,19,33.303566000000004,44.371773,200502190001
2005,2,19,33.74324,44.623825,200502190002
2005,2,19,33.057991,44.354839,200502190003
2005,2,19,33.303566000000004,44.371773,200502190004
2005,2,19,35.45211,44.375465,200502190005
2005,2,20,3.429344,-76.516037,200502200001
2005,2,20,4.085809,-76.197188,200502200002
2005,2,20,7.00063,-76.26572,200502200004
2005,2,21,6.316232,80.843314,200502210002
2005,2,23,29.783889,64.025,200502230001
2005,2,24,34.08374,74.789902,200502240001
2005,2,24,34.621521,43.668377,200502240002
2005,2,24,3.288485,32.87895,200502240003
2005,2,24,31.363647,63.958611,200502240004
2005,2,24,2.942206,32.799199,200502240005
2005,2,24,2.771679,32.288421,200502240006
2005,2,24,1.985091,32.534446,200502240007
2005,2,24,6.242789,101.297732,200502240008
2005,2,24,6.876096,101.259053,200502240009
2005,2,25,32.08297,34.811886,200502250001
2005,2,25,6.175784,101.502075,200502250002
2005,2,25,42.463596,9.207071,200502250003
2005,2,25,41.591369,9.278311,200502250004
2005,2,25,1.549824,30.502134,200502250006
2005,2,28,8.296944,-74.473056,200502280001
2005,2,28,32.469238,44.416637,200502280002
2005,2,28,7.733107,81.68882,200502280005
2005,3,1,45.469212,9.174508,200503010001
2005,3,1,44.407062,8.933989,200503010002
2005,3,1,33.778175,76.576171,200503010003
2005,3,1,43.336555,45.173812,200503010004
2005,3,1,32.56699,69.831711,200503010005
2005,3,1,30.200819,66.994354,200503010006
2005,3,2,33.303566000000004,44.371773,200503020001
2005,3,2,6.11622,125.169395,200503020002
2005,3,2,33.303566000000004,44.371773,200503020003
2005,3,2,33.303566000000004,44.371773,200503020004
2005,3,2,29.552311,66.020508,200503020005
2005,3,2,6.541147,101.280395,200503020006
2005,3,3,33.303566000000004,44.371773,200503030001
2005,3,3,32.222271,35.253506,200503030002
2005,3,3,41.930607,8.742907,200503030003
2005,3,3,42.870022,74.587883,200503030004
2005,3,3,32.222271,35.253506,200503030005
2005,3,3,35.45211,44.375465,200503030006
2005,3,3,35.45211,44.375465,200503030007
2005,3,4,31.363647,63.958611,200503040001
2005,3,4,6.545499,101.2799,200503040002
2005,3,4,33.303566000000004,44.371773,200503040003
2005,3,5,32.982933,44.361595,200503050001
2005,3,5,43.148611,46.379722,200503050002
2005,3,5,7.92241,81.184481,200503050003
2005,3,5,7.799444,81.577222,200503050004
2005,3,6,33.303566000000004,44.371773,200503060003
2005,3,6,36.354145,43.14357,200503060004
2005,3,6,42.309409,9.149022,200503060005
2005,3,6,7.65695,81.740413,200503060006
2005,3,7,34.516895,69.147011,200503070001
2005,3,7,34.010471,44.148235,200503070002
2005,3,7,33.74324,44.623825,200503070003
2005,3,7,33.64542,75.019676,200503070004
2005,3,7,6.381892,101.506227,200503070005
2005,3,7,6.545499,101.2799,200503070006
2005,3,7,37.922218,40.184376,200503070007
2005,3,7,34.208416,43.890713,200503070008
2005,3,8,42.014318,8.835788,200503080001
2005,3,8,42.309409,9.149022,200503080002
2005,3,8,41.930607,8.742907,200503080003
2005,3,8,7.733107,81.68882,200503080004
2005,3,8,7.775413,81.606247,200503080005
2005,3,8,7.702167,81.131662,200503080006
2005,3,9,26.330707,90.670231,200503090001
2005,3,9,20.92498,79.007609,200503090002
2005,3,9,33.303566000000004,44.371773,200503090003
2005,3,9,33.303566000000004,44.371773,200503090004
2005,3,9,35.45211,44.375465,200503090005
2005,3,9,32.469238,44.416637,200503090006
2005,3,9,3.378381,31.782228,200503090007
2005,3,9,36.635072,3.590128,200503090008
2005,3,10,33.303566000000004,44.371773,200503100001
2005,3,10,41.930607,8.742907,200503100002
2005,3,10,36.374499,3.884587,200503100003
2005,3,10,36.354145,43.14357,200503100005
2005,3,10,33.303566000000004,44.371773,200503100006
2005,3,10,34.363503,41.115997,200503100007
2005,3,10,34.417122,70.449593,200503100008
2005,3,10,36.354145,43.14357,200503100009
2005,3,10,42.650508,21.160797,200503100010
2005,3,10,32.982933,44.361595,200503100011
2005,3,11,33.335258,69.928467,200503110001
2005,3,11,27.486273,95.356225,200503110002
2005,3,11,26.149794,91.763931,200503110004
2005,3,11,33.303566000000004,44.371773,200503110005
2005,3,11,36.930165,6.584411,200503110006
2005,3,11,7.733107,81.68882,200503110007
2005,3,12,36.354145,43.14357,200503120001
2005,3,12,35.200928,43.274925,200503120002
2005,3,12,34.727722,43.649687,200503120004
2005,3,12,42.880888,20.867213,200503120005
2005,3,12,35.493072,43.24237,200503120006
2005,3,13,45.7775,12.608759,200503130001
2005,3,13,32.982933,44.361595,200503130002
2005,3,13,33.333847,69.937167,200503130003
2005,3,13,33.420948,43.295662,200503130004
2005,3,13,33.303566000000004,44.371773,200503130005
2005,3,13,41.930607,8.742907,200503130006
2005,3,13,36.96528,6.61639,200503130007
2005,3,14,33.767001,74.092404,200503140001
2005,3,14,33.303566000000004,44.371773,200503140004
2005,3,14,33.07835,44.254719,200503140005
2005,3,14,35.45211,44.375465,200503140006
2005,3,15,6.202025,101.252379,200503150001
2005,3,15,42.672421,21.164539,200503150002
2005,3,15,33.303566000000004,44.371773,200503150004
2005,3,15,7.547243,81.787732,200503150005
2005,3,16,41.675238,43.035167,200503160001
2005,3,16,33.303566000000004,44.371773,200503160002
2005,3,16,33.303566000000004,44.371773,200503160003
2005,3,16,33.303566000000004,44.371773,200503160004
2005,3,17,31.544476,65.484566,200503170001
2005,3,17,30.200819,66.994354,200503170002
2005,3,17,43.141187,46.081114,200503170003
2005,3,17,33.303566000000004,44.371773,200503170004
2005,3,17,30.510054,47.778095,200503170005
2005,3,17,55.641997,37.096933,200503170006
2005,3,17,55.684048,36.902351,200503170008
2005,3,17,31.50547,74.34288,200503170009
2005,3,18,32.887157,44.341637,200503180001
2005,3,18,33.303566000000004,44.371773,200503180002
2005,3,18,6.700696,101.433915,200503180003
2005,3,18,7.702197,81.715789,200503180004
2005,3,19,25.29161,51.530437,200503190001
2005,3,19,31.177809,71.209295,200503190002
2005,3,19,25.999413,63.047451,200503190003
2005,3,19,6.258889,102.055,200503190005
2005,3,19,33.303566000000004,44.371773,200503190006
2005,3,19,35.45211,44.375465,200503190007
2005,3,19,16.887781,96.149559,200503190008
2005,3,19,33.303566000000004,44.371773,200503190009
2005,3,19,54.607712,-5.95621,200503190010
2005,3,19,33.888523,35.503513,200503190011
2005,3,19,35.45211,44.375465,200503190012
2005,3,19,39.16659,-86.534244,200503190014
2005,3,20,6.541138,101.280396,200503200001
2005,3,20,6.210408,101.820757,200503200002
2005,3,20,34.208416,43.890713,200503200003
2005,3,20,36.354145,43.14357,200503200004
2005,3,20,33.349159,43.784199,200503200005
2005,3,20,35.45211,44.375465,200503200006
2005,3,20,33.303566000000004,44.371773,200503200007
2005,3,20,30.510054,47.778095,200503200008
2005,3,20,33.303566000000004,44.371773,200503200009
2005,3,20,32.234013,35.333916,200503200010
2005,3,20,31.348022,34.491093,200503200011
2005,3,20,54.607712,-5.95621,200503200012
2005,3,20,36.354145,43.14357,200503200013
2005,3,20,34.208416,43.890713,200503200014
2005,3,21,36.354145,43.14357,200503210001
2005,3,21,33.303566000000004,44.371773,200503210002
2005,3,21,25.999413,63.047451,200503210003
2005,3,21,33.303566000000004,44.371773,200503210004
2005,3,21,7.946435,81.247846,200503210005
2005,3,22,32.777344,44.289352,200503220001
2005,3,22,43.320229,45.654491,200503220002
2005,3,22,33.303566000000004,44.371773,200503220003
2005,3,22,31.631083,65.742226,200503220004
2005,3,22,25.999413,63.047451,200503220005
2005,3,22,29.10636,67.687177,200503220006
2005,3,22,42.98542,47.450668,200503220007
2005,3,22,35.45211,44.375465,200503220008
2005,3,23,33.983107,35.618057,200503230001
2005,3,23,33.303566000000004,44.371773,200503230002
2005,3,23,6.545499,101.2799,200503230003
2005,3,23,59.332788,18.064488,200503230005
2005,3,23,34.010471,44.148235,200503230006
2005,3,23,42.309409,9.149022,200503230007
2005,3,24,6.491822,101.3885,200503240001
2005,3,24,6.540088,100.892454,200503240002
2005,3,24,33.888523,35.503513,200503240003
2005,3,24,33.420948,43.295662,200503240004
2005,3,24,33.303566000000004,44.371773,200503240005
2005,3,24,42.547135,9.417273,200503240006
2005,3,24,36.727778,3.553889,200503240007
2005,3,25,35.45211,44.375465,200503250001
2005,3,25,33.31065,44.038208,200503250002
2005,3,26,33.880028,35.560574,200503260001
2005,3,26,6.254148,101.729605,200503260002
2005,3,26,6.242799,101.297732,200503260003
2005,3,26,29.555805,66.019589,200503260004
2005,3,26,37.273333,41.483889,200503260005
2005,3,26,54.713382,-6.216761,200503260006
2005,3,26,32.469238,44.416637,200503260007
2005,3,26,7.8025,81.610556,200503260008
2005,3,27,6.190088,101.797961,200503270001
2005,3,27,33.888523,35.503513,200503270002
2005,3,27,33.74324,44.623825,200503270003
2005,3,27,34.683358,44.966637,200503270004
2005,3,27,35.45211,44.375465,200503270005
2005,3,28,34.516895,69.147011,200503280001
2005,3,28,33.303566000000004,44.371773,200503280002
2005,3,28,34.875656,71.152008,200503280003
2005,3,28,54.595016,-5.703109,200503280004
2005,3,28,54.564893,-5.907882,200503280005
2005,3,28,33.303566000000004,44.371773,200503280006
2005,3,28,33.848618,44.522125,200503280007
2005,3,28,32.777344,44.289352,200503280008
2005,3,28,9.3,80.216667,200503280009
2005,3,28,7.115312,81.852488,200503280010
2005,3,29,33.006516,70.068253,200503290001
2005,3,29,44.216667,42.05,200503290002
2005,3,29,43.390031,46.616657,200503290003
2005,3,29,36.255244,5.123664,200503290006
2005,3,30,34.417122,70.449593,200503300001
2005,3,30,42.567651,8.757222,200503300002
2005,3,30,32.654751,44.408989,200503300003
2005,3,30,39.16659,-86.534244,200503300004
2005,3,30,7.775413,81.606247,200503300005
2005,3,28,7.115312,81.852488,200503300006
2005,3,31,34.881348,44.62513,200503310001
2005,3,31,35.45211,44.375465,200503310002
2005,3,31,32.312052,35.026458,200503310004
2005,3,31,26.200293,68.150916,200503310005
2005,4,1,31.002735,66.405617,200504010001
2005,4,1,30.996068,65.475736,200504010002
2005,4,1,33.420948,43.295662,200504010003
2005,4,1,30.200819,66.994354,200504010004
2005,4,1,33.885963,35.628685,200504010005
2005,4,1,33.693947,45.067425,200504010006
2005,4,1,34.208416,43.890713,200504010007
2005,4,1,7.785857,81.589802,200504010009
2005,4,1,7.785857,81.589802,200504010010
2005,4,1,9.666399,80.020477,200504010011
2005,4,2,27.645319,83.594926,200504020001
2005,4,2,25.906034,93.733909,200504020002
2005,4,2,27.472718,94.912006,200504020003
2005,4,2,34.160587,42.37254,200504020004
2005,4,2,33.31065,44.038208,200504020005
2005,4,2,33.693947,45.067425,200504020006
2005,4,2,27.988744,82.301773,200504020007
2005,4,2,33.303566000000004,44.371773,200504020008
2005,4,2,6.190088,101.797961,200504020009
2005,4,3,34.417122,70.449593,200504030001
2005,4,3,28.26809,83.972379,200504030002
2005,4,3,27.677286,84.416928,200504030003
2005,4,3,7.013983,100.471242,200504030004
2005,4,3,7.013983,100.471242,200504030005
2005,4,3,36.354145,43.14357,200504030006
2005,4,3,36.354145,43.14357,200504030007
2005,4,3,36.919552,3.891396,200504030008
2005,4,3,36.354145,43.14357,200504030009
2005,4,3,31.002735,66.405617,200504030010
2005,4,3,17.015158,43.684155,200504030011
2005,4,3,7.189766,100.595381,200504030012
2005,4,3,36.16525,1.33452,200504030013
2005,4,4,6.202025,101.252379,200504040001
2005,4,4,33.31065,44.038208,200504040002
2005,4,4,33.74324,44.623825,200504040003
2005,4,4,6.190088,101.797961,200504040004
2005,4,4,33.303566000000004,44.371773,200504040005
2005,4,4,7.689011,81.72947,200504040007
2005,4,4,9.733889,79.874167,200504040008
2005,4,5,6.057088,101.695444,200504050001
2005,4,5,32.30301,44.686532,200504050002
2005,4,5,33.303566000000004,44.371773,200504050003
2005,4,5,33.303566000000004,44.371773,200504050004
2005,4,5,33.303566000000004,44.371773,200504050005
2005,4,5,33.74324,44.623825,200504050006
2005,4,5,31.348022,34.491093,200504050007
2005,4,5,36.354145,43.14357,200504050008
2005,4,5,33.303566000000004,44.371773,200504050009
2005,4,5,8.497948,81.184081,200504050010
2005,4,5,7.689011,81.72947,200504050012
2005,4,6,32.100204,66.901016,200504060001
2005,4,6,33.778175,76.576171,200504060002
2005,4,6,35.45211,44.375465,200504060003
2005,4,6,33.303566000000004,44.371773,200504060004
2005,4,6,6.717959,101.593027,200504060005
2005,4,6,7.414383,81.830633,200504060006
2005,4,7,34.207676,74.418312,200504070001
2005,4,7,28.056065,81.628014,200504070002
2005,4,7,31.5282,34.596382,200504070003
2005,4,7,36.621944,3.065,200504070004
2005,4,7,35.45211,44.375465,200504070005
2005,4,7,32.154514,35.258553,200504070007
2005,4,7,33.303566000000004,44.371773,200504070008
2005,4,7,42.98542,47.450668,200504070009
2005,4,7,7.67128,81.046484,200504070011
2005,4,8,5.95323,101.695444,200504080001
2005,4,8,1.90967,-75.15906,200504080002
2005,4,8,42.98542,47.450668,200504080003
2005,4,8,36.732778,5.951667,200504080004
2005,4,8,8.324973,81.30074,200504080005
2005,4,8,7.689011,81.72947,200504080007
2005,4,9,26.782869,85.277592,200504090001
2005,4,9,36.354145,43.14357,200504090002
2005,4,9,36.354145,43.14357,200504090003
2005,4,9,32.604393,44.007145,200504090004
2005,4,9,32.982933,44.361595,200504090005
2005,4,9,32.533287,45.829453,200504090006
2005,4,9,27.951203,85.684578,200504090007
2005,4,9,28.549899,81.639919,200504090008
2005,4,9,28.577611,81.625428,200504090009
2005,4,9,6.545499,101.2799,200504090010
2005,4,9,31.366664,34.316674,200504090011
2005,4,9,33.303566000000004,44.371773,200504090012
2005,4,9,27.477612,83.471539,200504090013
2005,4,10,33.371715,74.315313,200504100001
2005,4,10,36.905833,44.138611,200504100002
2005,4,10,34.160587,42.37254,200504100003
2005,4,10,32.000596,44.330818,200504100004
2005,4,10,33.057991,44.354839,200504100005
2005,4,10,31.5282,34.596382,200504100006
2005,4,10,31.366962,34.318109,200504100007
2005,4,10,33.303566000000004,44.371773,200504100008
2005,4,10,36.478,5.5771,200504100009
2005,4,11,8.577826,81.218719,200504100010
2005,4,11,6.425461,101.825314,200504110001
2005,4,11,6.254153,101.729605,200504110002
2005,4,11,6.384576,101.502075,200504110003
2005,4,11,34.208416,43.890713,200504110004
2005,4,11,28.26809,83.972379,200504110005
2005,4,11,6.717959,101.593027,200504110006
2005,4,11,34.010471,44.148235,200504110008
2005,4,11,8.577826,81.218719,200504110009
2005,4,12,7.888144,124.173392,200504120001
2005,4,12,34.288891,74.463715,200504120002
2005,4,12,28.449171,66.056358,200504120003
2005,4,12,26.972136,64.114571,200504120004
2005,4,12,33.690377,74.305955,200504120005
2005,4,12,16.983333,122.016667,200504120006
2005,4,12,-3.648426,128.16576,200504120007
2005,4,12,33.303566000000004,44.371773,200504120008
2005,4,12,42.966907,47.457636,200504120009
2005,4,12,42.98542,47.450668,200504120010
2005,4,12,35.45211,44.375465,200504120011
2005,4,12,31.788433,34.791868,200504120012
2005,4,12,31.295182,34.242728,200504120013
2005,4,13,33.303566000000004,44.371773,200504130001
2005,4,13,8.199564,80.632692,200504130002
2005,4,13,35.45211,44.375465,200504130003
2005,4,13,41.637675,-70.930869,200504130004
2005,4,13,33.22286,44.451217,200504130005
2005,4,13,35.855278,1.332222,200504130006
2005,4,13,35.733333,0.55,200504130007
2005,4,13,35.000636,7.309944,200504130008
2005,4,13,47.613435,-122.035494,200504130009
2005,4,13,47.613435,-122.035494,200504130010
2005,4,14,33.303566000000004,44.371773,200504140001
2005,4,14,34.621521,43.668377,200504140002
2005,4,14,35.45211,44.375465,200504140003
2005,4,14,33.74324,44.623825,200504140004
2005,4,14,43.321127,-1.898775,200504140005
2005,4,14,54.515694,-6.055724,200504140006
2005,4,14,32.654751,44.408989,200504140007
2005,4,14,33.303566000000004,44.371773,200504140008
2005,4,14,33.303566000000004,44.371773,200504140009
2005,4,14,33.246259,35.5001,200504140010
2005,4,14,33.303566000000004,44.371773,200504140011
2005,4,15,2.95485,-76.26825,200504150001
2005,4,15,3.24114,-74.35539,200504150002
2005,4,15,33.303566000000004,44.371773,200504150003
2005,4,15,27.544037,83.273318,200504150004
2005,4,15,7.115312,81.852488,200504150005
2005,4,15,33.420948,43.295662,200504150006
2005,4,15,31.274655,34.167938,200504150007
2005,4,15,42.98542,47.450668,200504150008
2005,4,15,34.363503,41.115997,200504150009
2005,4,15,35.45211,44.375465,200504150010
2005,4,15,31.551514,34.517419,200504150011
2005,4,15,8.5922,81.196796,200504150012
2005,4,17,2.95485,-76.26825,200504170001
2005,4,18,31.297749,34.267371,200504180001
2005,4,18,30.163319,48.379703,200504180002
2005,4,19,33.303566000000004,44.371773,200504190001
2005,4,19,29.047852,66.593323,200504190002
2005,4,19,8.5922,81.196796,200504190003
2005,4,20,26.760601,85.926979,200504200001
2005,4,20,28.056065,81.628014,200504200002
2005,4,20,34.327778,74.262778,200504200003
2005,4,20,36.159589,1.612265,200504200004
2005,4,20,36.38207,1.884415,200504200005
2005,4,21,33.349159,43.784199,200504210001
2005,4,21,33.303566000000004,44.371773,200504210002
2005,4,21,28.26809,83.972379,200504210003
2005,4,21,27.590259,84.360306,200504210004
2005,4,21,7.921328,81.52467,200504210005
2005,4,22,31.300213,45.277092,200504220001
2005,4,22,33.303566000000004,44.371773,200504220002
2005,4,22,19.674167,97.209167,200504220003
2005,4,22,34.752182,8.058859,200504220004
2005,4,23,33.31065,44.038208,200504230001
2005,4,23,33.420948,43.295662,200504230002
2005,4,23,33.74324,44.623825,200504230003
2005,4,23,36.586242,5.580764,200504230004
2005,4,24,6.190088,101.797961,200504240001
2005,4,24,28.454644,83.480123,200504240002
2005,4,24,34.621521,43.668377,200504240003
2005,4,24,7.733107,81.68882,200504240004
2005,4,25,30.094363,65.285708,200504250001
2005,4,25,27.466709,83.786174,200504250002
2005,4,25,27.588721,83.096013,200504250003
2005,4,25,15.325443,44.211895,200504250004
2005,4,26,21.973508,96.08208,200504260001
2005,4,26,8.577826,81.218719,200504260002
2005,4,27,7.733107,81.68882,200504270001
2005,4,27,33.303566000000004,44.371773,200504270002
2005,4,27,7.785857,81.589802,200504270003
2005,4,28,3.429344,-76.516037,200504280001
2005,4,28,34.621521,43.668377,200504280002
2005,4,28,15.505646,80.047686,200504280003
2005,4,28,34.08374,74.789902,200504280004
2005,4,28,34.08374,74.789902,200504280005
2005,4,28,34.08374,74.789902,200504280006
2005,4,28,6.172553,1.231572,200504280007
2005,4,28,43.387537,-1.675432,200504280008
2005,4,28,6.941837,79.861687,200504280010
2005,4,28,7.707372,81.715749,200504280011
2005,4,29,6.869484,101.250483,200504290001
2005,4,29,6.190088,101.797961,200504290002
2005,4,29,29.673863,68.715498,200504290003
2005,4,29,36.798864,3.777798,200504290004
2005,4,30,33.303566000000004,44.371773,200504300001
2005,4,30,42.547135,9.417273,200504300002
2005,4,30,30.084629,31.334314,200504300003
2005,4,30,36.354145,43.14357,200504300004
2005,4,30,33.74324,44.623825,200504300005
2005,4,30,33.303566000000004,44.371773,200504300006
2005,4,30,33.303566000000004,44.371773,200504300007
2005,4,30,33.303566000000004,44.371773,200504300009
2005,5,1,36.376823,42.448875,200505010001
2005,5,1,31.848217,47.145203,200505010002
2005,5,1,33.303566000000004,44.371773,200505010004
2005,5,1,33.789497,75.103386,200505010005
2005,5,2,6.190088,101.797961,200505020001
2005,5,2,54.656828,-5.905191,200505020002
2005,5,2,35.804295,69.287754,200505020003
2005,5,2,33.303566000000004,44.371773,200505020004
2005,5,2,33.303566000000004,44.371773,200505020005
2005,5,2,36.354145,43.14357,200505020006
2005,5,2,36.354145,43.14357,200505020007
2005,5,2,33.303566000000004,44.371773,200505020008
2005,5,3,2.059819,45.326115,200505030001
2005,5,3,33.874027,74.901505,200505030002
2005,5,3,34.161541,74.553093,200505030003
2005,5,3,34.208416,43.890713,200505030004
2005,5,3,35.9078,2.388369,200505030005
2005,5,4,6.425461,101.825314,200505040001
2005,5,4,6.325366,101.809358,200505040002
2005,5,4,6.254153,101.729605,200505040003
2005,5,4,36.192589,44.004623,200505040004
2005,5,4,33.303566000000004,44.371773,200505040005
2005,5,4,33.021389,75.139167,200505040006
2005,5,3,7.921328,81.52467,200505040007
2005,5,5,2.772404,32.288073,200505050001
2005,5,5,40.697132,-73.931351,200505050002
2005,5,5,10.219009,9.388505,200505050003
2005,5,5,32.074078,66.141526,200505050004
2005,5,5,33.303566000000004,44.371773,200505050005
2005,5,5,33.287345,44.319487,200505050006
2005,5,5,33.303566000000004,44.371773,200505050007
2005,5,5,36.183333,1.533333,200505050008
2005,5,6,37.922218,40.184376,200505060001
2005,5,6,27.687361,83.432338,200505060002
2005,5,6,34.621521,43.668377,200505060003
2005,5,6,32.925266,44.770956,200505060004
2005,5,6,33.9877,35.638924,200505060005
2005,5,6,29.855375,67.339928,200505060006
2005,5,6,33.303566000000004,44.371773,200505060008
2005,5,7,12.659689,101.467989,200505070001
2005,5,7,16.887781,96.149559,200505070002
2005,5,7,16.887781,96.149559,200505070003
2005,5,7,16.887781,96.149559,200505070004
2005,5,7,28.233783,81.332101,200505070005
2005,5,7,34.516895,69.147011,200505070006
2005,5,7,33.303566000000004,44.371773,200505070007
2005,5,7,34.160587,42.37254,200505070008
2005,5,7,15.325443,44.211895,200505070009
2005,5,8,32.975433,70.273735,200505080001
2005,5,8,33.303566000000004,44.371773,200505080002
2005,5,8,32.000596,44.330818,200505080005
2005,5,8,33.303566000000004,44.371773,200505080006
2005,5,9,10.692441,24.329754,200505090001
2005,5,9,10.692441,24.329754,200505090002
2005,5,9,26.795856,86.296866,200505090003
2005,5,9,27.698891,84.430396,200505090004
2005,5,9,33.633896,42.832081,200505090005
2005,5,9,33.303566000000004,44.371773,200505090006
2005,5,9,34.92485,43.491413,200505090007
2005,5,10,13.581508,24.801699,200505100001
2005,5,10,6.804284,101.502075,200505100002
2005,5,10,6.168865,101.181128,200505100003
2005,5,10,6.686475,101.139088,200505100004
2005,5,10,41.709981,44.792998,200505100005
2005,5,10,6.22465,101.649912,200505100006
2005,5,10,33.420948,43.295662,200505100007
2005,5,10,33.303566000000004,44.371773,200505100008
2005,5,10,42.98542,47.450668,200505100009
2005,5,10,14.301147,121.111935,200505100010
2005,5,10,33.04915,75.628083,200505100011
2005,5,10,42.699997,9.447317,200505100012
2005,5,10,36.540569,3.957701,200505100013
2005,5,11,6.828057,101.3885,200505110001
2005,5,11,-8.558458,125.578151,200505110002
2005,5,11,33.073335,35.147579,200505110003
2005,5,11,34.08374,74.789902,200505110004
2005,5,11,33.465179,68.690613,200505110005
2005,5,11,34.621521,43.668377,200505110006
2005,5,11,35.326122,43.780811,200505110007
2005,5,11,33.303566000000004,44.371773,200505110008
2005,5,11,33.303566000000004,44.371773,200505110009
2005,5,11,36.822363,6.31053,200505110010
2005,5,12,6.545499,101.2799,200505120001
2005,5,12,7.1756,100.614347,200505120002
2005,5,12,6.545499,101.2799,200505120003
2005,5,12,7.921328,81.52467,200505120004
2005,5,12,1.242472,30.16922,200505120005
2005,5,12,34.08374,74.789902,200505120006
2005,5,12,33.303566000000004,44.371773,200505120007
2005,5,12,33.303566000000004,44.371773,200505120008
2005,5,12,33.303566000000004,44.371773,200505120009
2005,5,12,35.45211,44.375465,200505120010
2005,5,12,34.120278,69.139167,200505120011
2005,5,12,35.45211,44.375465,200505120012
2005,5,12,33.303566000000004,44.371773,200505120013
2005,5,13,41.266667,69.216667,200505130001
2005,5,13,40.783333,72.333333,200505130002
2005,5,13,6.425461,101.825314,200505130003
2005,5,13,-17.783219,-63.182042,200505130004
2005,5,13,13.05702,5.245744,200505130005
2005,5,13,33.74324,44.623825,200505130006
2005,5,13,34.208416,43.890713,200505130007
2005,5,14,26.664638,87.271781,200505140001
2005,5,14,33.303566000000004,44.371773,200505140002
2005,5,14,33.303566000000004,44.371773,200505140003
2005,5,14,32.306099,69.579956,200505140004
2005,5,14,34.08374,74.789902,200505140005
2005,5,14,32.771313,69.07318,200505140006
2005,5,14,32.98499,44.35676,200505140007
2005,5,14,7.432163,80.443778,200505140008
2005,5,15,43.118217,-2.413358,200505150001
2005,5,15,43.07563,-2.223667,200505150002
2005,5,15,43.07563,-2.223667,200505150003
2005,5,15,43.07563,-2.223667,200505150004
2005,5,15,35.43811,7.146648,200505150005
2005,5,15,22.659403,89.774251,200505150006
2005,5,15,29.209118,81.73642,200505150007
2005,5,15,31.278791,34.256435,200505150008
2005,5,15,33.74324,44.623825,200505150009
2005,5,15,6.166706,101.911987,200505150011
2005,5,15,33.303566000000004,44.371773,200505150012
2005,5,15,33.303566000000004,44.371773,200505150013
2005,5,15,43.4331,43.5789,200505150014
2005,5,15,41.930607,8.742907,200505150015
2005,5,15,33.303566000000004,44.371773,200505150016
2005,5,15,33.303566000000004,44.371773,200505150017
2005,5,16,-1.165474,119.886186,200505160001
2005,5,16,34.516895,69.147011,200505160002
2005,5,16,37.871045,42.149452,200505160003
2005,5,16,33.303566000000004,44.371773,200505160004
2005,5,16,-3.016831,130.332522,200505160005
2005,5,16,8.577826,81.218719,200505160006
2005,5,17,23.791275,90.418205,200505170001
2005,5,17,34.08374,74.789902,200505170002
2005,5,17,33.303566000000004,44.371773,200505170003
2005,5,17,33.303566000000004,44.371773,200505170004
2005,5,17,33.303566000000004,44.371773,200505170005
2005,5,17,8.577826,81.218719,200505170008
2005,5,18,6.425461,101.825314,200505180001
2005,5,18,27.825252,83.634843,200505180002
2005,5,18,31.825871,64.576431,200505180003
2005,5,18,25.999413,63.047451,200505180004
2005,5,18,33.303566000000004,44.371773,200505180008
2005,5,18,33.303566000000004,44.371773,200505180009
2005,5,18,27.86679,83.550091,200505180010
2005,5,18,8.577826,81.218719,200505180011
2005,5,18,7.733107,81.68882,200505180012
2005,5,19,33.303566000000004,44.371773,200505190001
2005,5,19,32.100204,66.901016,200505190002
2005,5,19,5.26541,-76.55651,200505190003
2005,5,19,36.354145,43.14357,200505190004
2005,5,19,33.303566000000004,44.371773,200505190005
2005,5,19,34.08374,74.789902,200505190006
2005,5,20,6.906671,81.559293,200505200001
2005,5,20,31.403091,34.369053,200505200002
2005,5,20,33.303566000000004,44.371773,200505200003
2005,5,20,33.303566000000004,44.371773,200505200004
2005,5,20,28.26809,83.972379,200505200005
2005,5,20,42.98542,47.450668,200505200006
2005,5,20,8.577826,81.218719,200505200008
2005,5,20,8.577826,81.218719,200505200009
2005,5,21,27.643576,84.12549,200505210001
2005,5,21,7.529372,81.794609,200505210002
2005,5,22,33.303566000000004,44.371773,200505220001
2005,5,22,28.585836,77.153336,200505220002
2005,5,22,28.585836,77.153336,200505220003
2005,5,23,-3.011658,28.299435,200505230001
2005,5,23,33.303566000000004,44.371773,200505230002
2005,5,23,33.303566000000004,44.371773,200505230003
2005,5,23,34.881348,44.62513,200505230004
2005,5,23,36.376823,42.448875,200505230005
2005,5,23,33.057991,44.354839,200505230006
2005,5,23,26.149794,91.763931,200505230007
2005,5,23,42.657985,9.414215,200505230008
2005,5,23,42.613144,9.419263,200505230009
2005,5,24,1.90967,-75.15906,200505240001
2005,5,24,52.50153,13.401851,200505240002
2005,5,24,27.988744,82.301773,200505240003
2005,5,24,33.303566000000004,44.371773,200505240004
2005,5,24,45.072731,7.679541,200505240005
2005,5,24,45.072731,7.679541,200505240006
2005,5,24,34.363503,41.115997,200505240007
2005,5,24,7.301756,81.67473,200505240008
2005,5,25,40.465595,-3.696263,200505250001
2005,5,25,6.717959,101.593027,200505250002
2005,5,25,-3.375828,29.364107,200505250003
2005,5,25,36.354145,43.14357,200505250004
2005,5,26,36.802461,34.629759,200505260001
2005,5,26,33.303566000000004,44.371773,200505260002
2005,5,26,33.303566000000004,44.371773,200505260003
2005,5,26,33.303566000000004,44.371773,200505260004
2005,5,27,37.99749,23.762728,200505270001
2005,5,27,33.671638,73.056068,200505270002
2005,5,27,35.45211,44.375465,200505270003
2005,5,27,3.268057,33.054984,200505270004
2005,5,27,34.988941,70.911217,200505270005
2005,5,27,6.541147,101.280395,200505270006
2005,5,28,38.736839,41.49156,200505280001
2005,5,28,-1.763255,120.640908,200505280002
2005,5,28,-1.763255,120.640908,200505280003
2005,5,28,7.733107,81.68882,200505280004
2005,5,28,33.732216,75.157913,200505280005
2005,5,28,24.891115,67.143311,200505280006
2005,5,28,35.559468,6.180464,200505280008
2005,5,28,36.266667,2.216667,200505280009
2005,5,29,42.699997,9.447317,200505290001
2005,5,29,42.547135,9.417273,200505290002
2005,5,29,42.113828,8.701548,200505290003
2005,5,29,41.591369,9.278311,200505290004
2005,5,29,42.134855,8.595838,200505290005
2005,5,29,42.112836,43.789602,200505290006
2005,5,29,31.617667,65.675942,200505290007
2005,5,29,43.2267,44.770569,200505290008
2005,5,29,32.306099,69.579956,200505290009
2005,5,29,35.45211,44.375465,200505290010
2005,5,29,33.303566000000004,44.371773,200505290011
2005,5,29,33.303566000000004,44.371773,200505290012
2005,5,29,33.303566000000004,44.371773,200505290013
2005,5,30,34.516895,69.147011,200505300001
2005,5,30,32.469238,44.416637,200505300002
2005,5,30,24.891115,67.143311,200505300004
2005,5,30,32.469238,44.416637,200505300005
2005,5,30,36.626874,3.479619,200505300006
2005,5,31,6.941837,79.861687,200505310001
2005,5,31,36.354145,43.14357,200505310002
2005,5,31,35.989616,2.143525,200505310003
2005,5,31,6.887561,79.877839,200505310004
2005,6,1,31.631083,65.742226,200506010001
2005,6,1,23.761702,88.943667,200506010003
2005,6,1,33.64542,75.019676,200506010004
2005,6,1,6.941837,79.861687,200506010005
2005,6,1,6.732651,-7.349203,200506010006
2005,6,2,34.067049,74.767113,200506020001
2005,6,2,31.60063,64.369652,200506020002
2005,6,2,37.99749,23.762728,200506020003
2005,6,2,1.595768,29.417932,200506020004
2005,6,2,32.100204,66.901016,200506020005
2005,6,2,8.757816,80.487907,200506020006
2005,6,3,8.577826,81.218719,200506030001
2005,6,3,34.08374,74.789902,200506030002
2005,6,4,36.501,3.77396,200506040001
2005,6,5,7.08582,-70.75779,200506050001
2005,6,5,23.232778,-7.714722,200506050002
2005,6,5,6.760278,101.293333,200506050003
2005,6,5,6.127313,101.91148,200506050004
2005,6,6,27.412924,84.375233,200506060001
2005,6,6,-34.61768,-58.444435,200506060002
2005,6,6,-34.61768,-58.444435,200506060003
2005,6,6,-34.68631,-58.528473,200506060004
2005,6,6,6.478333,101.135,200506060005
2005,6,6,5.993038,101.966181,200506060006
2005,6,6,42.224159,43.9632,200506060007
2005,6,7,31.002735,66.405617,200506070001
2005,6,7,31.5282,34.596382,200506070002
2005,6,7,34.680833,4.096944,200506070004
2005,6,8,-6.208821,106.846046,200506080001
2005,6,9,6.854807,101.371475,200506090001
2005,6,9,0.66643,-76.87192,200506090002
2005,6,9,12.92133,-15.995602,200506090003
2005,6,9,7.785857,81.589802,200506090004
2005,6,9,49.45203,11.07675,200506090005
2005,6,10,43.124254,46.158573,200506100001
2005,6,10,41.656285,-0.876533,200506100002
2005,6,10,27.524695,85.563164,200506100003
2005,6,11,33.303566000000004,44.371773,200506110001
2005,6,11,0.49765,-76.49768,200506110002
2005,6,11,33.250278,75.5025,200506110003
2005,6,11,8.757816,80.487907,200506110004
2005,6,11,8.757816,80.487907,200506110006
2005,6,12,31.285506,48.643416,200506120001
2005,6,12,35.724533,51.40519,200506120002
2005,6,12,54.538333,38.616111,200506120003
2005,6,12,36.113234,2.303522,200506120004
2005,6,13,33.303566000000004,44.371773,200506130001
2005,6,13,6.166706,101.911987,200506130002
2005,6,13,5.928056,101.883889,200506130003
2005,6,13,16.9925,120.734228,200506130004
2005,6,13,-1.567064,29.051274,200506130005
2005,6,13,38.552185,68.767441,200506130006
2005,6,13,33.874027,74.901505,200506130007
2005,6,13,36.574526,2.09281,200506130009
2005,6,13,35.407139,8.120864,200506130010
2005,6,13,7.733107,81.68882,200506130011
2005,6,14,35.45211,44.375465,200506140001
2005,6,14,33.693409,44.796085,200506140002
2005,6,14,6.866389,101.369167,200506140004
2005,6,15,6.493579,101.685808,200506150001
2005,6,15,5.52372,5.753167,200506150002
2005,6,15,8.665596,80.296238,200506150003
2005,6,15,8.665596,80.296238,200506150004
2005,6,15,48.135125,11.581981,200506150005
2005,6,16,26.47963,87.629699,200506160001
2005,6,16,4.867777,5.898714,200506160002
2005,6,16,7.414383,81.830633,200506160003
2005,6,16,33.926146,75.0158,200506160005
2005,6,16,6.254153,101.729605,200506160006
2005,6,16,6.381892,101.506227,200506160007
2005,6,16,6.491822,101.3885,200506160008
2005,6,17,33.303566000000004,44.371773,200506170001
2005,6,17,33.926146,75.0158,200506170002
2005,6,17,-3.609108,29.412958,200506170003
2005,6,17,34.701389,68.334444,200506170004
2005,6,17,36.354145,43.14357,200506170005
2005,6,17,6.381892,101.506227,200506170006
2005,6,17,36.919552,3.891396,200506170008
2005,6,18,6.254153,101.729605,200506180001
2005,6,18,6.166706,101.911987,200506180002
2005,6,18,30.163319,48.379703,200506180003
2005,6,18,8.324973,81.30074,200506180004
2005,6,18,6.517949,101.653463,200506180005
2005,6,18,6.477408,101.135293,200506180006
2005,6,18,33.349159,43.784199,200506180007
2005,6,18,32.413564,66.350075,200506180008
2005,6,18,33.835629,44.247406,200506180009
2005,6,18,35.45211,44.375465,200506180010
2005,6,18,34.599868,3.195534,200506180011
2005,6,19,31.35769,34.328012,200506190001
2005,6,19,33.303566000000004,44.371773,200506190002
2005,6,19,27.219085,86.796213,200506190003
2005,6,19,21.868269,83.483025,200506190004
2005,6,19,36.878312,4.007625,200506190006
2005,6,20,8.980118,79.912462,200506200001
2005,6,20,6.828063,101.3885,200506200002
2005,6,20,6.166706,101.911987,200506200003
2005,6,20,2.943068,32.80845,200506200004
2005,6,20,32.306099,69.579956,200506200005
2005,6,20,27.231718,86.822034,200506200006
2005,6,20,32.424376,35.119051,200506200007
2005,6,20,32.106665,63.864057,200506200008
2005,6,20,33.926586,44.772064,200506200009
2005,6,20,36.192589,44.004623,200506200011
2005,6,20,36.878312,4.007625,200506200012
2005,6,21,18.9,81.35,200506210001
2005,6,21,33.888523,35.503513,200506210002
2005,6,21,31.623036,65.054246,200506210003
2005,6,21,32.460617,35.301247,200506210004
2005,6,22,6.202025,101.252379,200506220001
2005,6,22,6.700696,101.433915,200506220002
2005,6,22,6.210408,101.820757,200506220003
2005,6,22,42.798771,47.108715,200506220004
2005,6,22,33.789497,75.103386,200506220005
2005,6,22,36.690984,6.57471,200506220006
2005,6,22,8.577826,81.218719,200506220008
2005,6,22,7.733107,81.68882,200506220009
2005,6,23,33.303566000000004,44.371773,200506230001
2005,6,23,36.89288,4.421175,200506230002
2005,6,24,40.932624,29.53358,200506240001
2005,6,24,31.530243,35.094162,200506240003
2005,6,24,6.541147,101.280395,200506240004
2005,6,25,43.291618,-1.977903,200506250001
2005,6,25,40.465595,-3.696263,200506250002
2005,6,25,6.202025,101.252379,200506250003
2005,6,26,28.739647,82.203988,200506260001
2005,6,26,51.504387,-0.140041,200506260002
2005,6,26,34.208416,43.890713,200506260003
2005,6,27,6.057088,101.695444,200506270001
2005,6,27,6.491822,101.3885,200506270002
2005,6,27,6.517949,101.653463,200506270003
2005,6,28,6.876096,101.259053,200506280001
2005,6,28,6.542154,101.404056,200506280002
2005,6,28,33.789497,75.103386,200506280003
2005,6,28,34.518228,74.126464,200506280004
2005,6,28,33.74324,44.623825,200506280005
2005,6,28,32.495328,62.262663,200506280006
2005,6,28,6.717959,101.593027,200506280007
2005,6,29,28.056065,81.628014,200506290001
2005,6,29,-1.393147,120.754749,200506290002
2005,6,29,6.254153,101.729605,200506290003
2005,6,30,32.925224,75.135264,200506300001
2005,6,30,34.08374,74.789902,200506300002
2005,6,30,6.202025,101.252379,200506300003
2005,7,1,42.98542,47.450668,200507010001
2005,7,1,33.303566000000004,44.371773,200507010002
2005,7,1,33.303566000000004,44.371773,200507010003
2005,7,1,33.303566000000004,44.371773,200507010004
2005,7,1,39.930771,32.76754,200507010005
2005,7,1,33.303566000000004,44.371773,200507010006
2005,7,1,35.45211,44.375465,200507010007
2005,7,1,54.607712,-5.95621,200507010008
2005,7,1,37.922218,40.184376,200507010009
2005,7,1,33.458527,69.995087,200507010010
2005,7,1,36.354145,43.14357,200507010011
2005,7,2,33.303566000000004,44.371773,200507020001
2005,7,2,32.469238,44.416637,200507020002
2005,7,2,42.672421,21.164539,200507020003
2005,7,2,39.062662,40.780593,200507020004
2005,7,2,32.264539,68.524715,200507020005
2005,7,2,33.303566000000004,44.371773,200507020006
2005,7,2,33.303566000000004,44.371773,200507020007
2005,7,2,6.86,101.491389,200507020008
2005,7,2,35.45211,44.375465,200507020009
2005,7,2,35.45211,44.375465,200507020010
2005,7,2,17.973356,79.59996,200507020011
2005,7,2,6.876096,101.259053,200507020012
2005,7,2,7.919971,81.557678,200507020013
2005,7,3,31.16667,65.66667,200507030001
2005,7,3,33.420948,43.295662,200507030003
2005,7,3,32.539722,44.414722,200507030004
2005,7,3,34.288891,74.463715,200507030005
2005,7,3,34.208416,43.890713,200507030006
2005,7,3,33.303566000000004,44.371773,200507030007
2005,7,3,33.303566000000004,44.371773,200507030008
2005,7,4,35.499439,43.234894,200507040001
2005,7,4,42.749659,45.682011,200507040002
2005,7,4,33.542622,68.415329,200507040003
2005,7,4,30.094363,65.285708,200507040004
2005,7,4,27.380532,86.069586,200507040005
2005,7,4,36.354145,43.14357,200507040006
2005,7,4,26.714388,-80.052689,200507040009
2005,7,5,26.8,82.2,200507050001
2005,7,5,33.303566000000004,44.371773,200507050002
2005,7,5,33.303566000000004,44.371773,200507050003
2005,7,5,33.303566000000004,44.371773,200507050005
2005,7,5,34.208416,43.890713,200507050006
2005,7,5,35.45211,44.375465,200507050007
2005,7,5,42.98542,47.450668,200507050008
2005,7,5,42.321562,21.362007,200507050011
2005,7,5,34.526179,74.254614,200507050012
2005,7,5,22.879946,84.565198,200507050013
2005,7,6,33.303566000000004,44.371773,200507060001
2005,7,6,34.92485,43.491413,200507060002
2005,7,6,42.966907,47.457636,200507060004
2005,7,6,34.08374,74.789902,200507060005
2005,7,6,33.778175,76.576171,200507060006
2005,7,6,37.927404,41.941978,200507060007
2005,7,6,33.303566000000004,44.371773,200507060008
2005,7,6,33.303566000000004,44.371773,200507060009
2005,7,6,7.414383,81.830633,200507060010
2005,7,6,32.468191,44.550194,200507060011
2005,7,6,32.469238,44.416637,200507060014
2005,7,6,42.966907,47.457636,200507060015
2005,7,6,16.863443,-99.881597,200507060016
2005,7,6,32.617762,69.515765,200507060017
2005,7,6,43.166667,46.0,200507060018
2005,7,6,32.468191,44.550194,200507060019
2005,7,6,36.716365,4.049834,200507060021
2005,7,6,36.930165,6.584411,200507060022
2005,7,7,51.504387,-0.140041,200507070001
2005,7,7,51.504387,-0.140041,200507070002
2005,7,7,51.504387,-0.140041,200507070003
2005,7,7,51.504387,-0.140041,200507070004
2005,7,7,33.303566000000004,44.371773,200507070005
2005,7,7,33.303566000000004,44.371773,200507070006
2005,7,7,21.320179,84.260115,200507070008
2005,7,7,32.975433,70.273735,200507070009
2005,7,7,33.303566000000004,44.371773,200507070010
2005,7,7,36.354145,43.14357,200507070011
2005,7,7,28.490733,65.095779,200507070012
2005,7,8,30.510054,47.778095,200507080001
2005,7,8,34.208416,43.890713,200507080002
2005,7,8,28.109261,81.788639,200507080003
2005,7,8,33.303566000000004,44.371773,200507080004
2005,7,8,43.320229,45.654491,200507080005
2005,7,8,44.46867,-71.185077,200507080006
2005,7,8,53.79573,-1.586553,200507080007
2005,7,9,34.92485,43.491413,200507090001
2005,7,9,30.437013,63.334348,200507090002
2005,7,9,39.13688,39.216978,200507090003
2005,7,9,34.297849,74.470955,200507090004
2005,7,9,31.355579,34.274364,200507090005
2005,7,9,43.320229,45.654491,200507090006
2005,7,9,37.522653,42.452637,200507090007
2005,7,9,33.1782,68.752533,200507090008
2005,7,9,52.69867,-2.517455,200507090009
2005,7,9,53.390387,-3.02264,200507090010
2005,7,9,39.16659,-86.534244,200507090011
2005,7,10,33.287345,44.319487,200507100001
2005,7,10,36.354145,43.14357,200507100002
2005,7,10,33.433811,38.922878,200507100003
2005,7,10,35.45211,44.375465,200507100004
2005,7,10,38.324368,26.303357,200507100005
2005,7,10,30.437013,63.334348,200507100006
2005,7,10,4.02846,-74.63552,200507100007
2005,7,10,3.570757,32.537274,200507100008
2005,7,10,32.29403,65.746579,200507100009
2005,7,10,24.798346,93.94043,200507100010
2005,7,11,-1.928247,29.725273,200507110001
2005,7,11,33.848618,44.522125,200507110002
2005,7,11,10.666667,-61.516667,200507110003
2005,7,11,33.848618,44.522125,200507110004
2005,7,11,28.179976,84.431103,200507110005
2005,7,11,33.633896,42.832081,200507110006
2005,7,11,39.106709,39.545246,200507110009
2005,7,11,2.059819,45.326115,200507110010
2005,7,11,53.792922,-1.717994,200507110011
2005,7,12,32.325073,34.854663,200507120001
2005,7,12,3.297217,38.369249,200507120002
2005,7,12,33.303566000000004,44.371773,200507120003
2005,7,12,33.303566000000004,44.371773,200507120004
2005,7,12,35.45211,44.375465,200507120005
2005,7,12,33.922433,35.591429,200507120006
2005,7,12,31.907141,35.198219,200507120007
2005,7,12,36.378225,3.89371,200507120008
2005,7,12,36.866882,6.253827,200507120009
2005,7,12,41.400635,2.150913,200507120018
2005,7,12,33.303566000000004,44.371773,200507120019
2005,7,13,8.457907,81.268402,200507130001
2005,7,13,35.505731,43.257433,200507130002
2005,7,13,2.332397,37.982383,200507130003
2005,7,13,33.303566000000004,44.371773,200507130004
2005,7,13,33.303566000000004,44.371773,200507130005
2005,7,13,31.506944,65.8475,200507130006
2005,7,13,33.74324,44.623825,200507130007
2005,7,13,33.303566000000004,44.371773,200507130008
2005,7,13,34.271034,45.163567,200507130009
2005,7,13,31.781788,64.701233,200507130010
2005,7,13,36.335803,4.262044,200507130012
2005,7,14,42.98542,47.450668,200507140001
2005,7,14,33.303566000000004,44.371773,200507140002
2005,7,14,30.510054,47.778095,200507140003
2005,7,14,35.45211,44.375465,200507140004
2005,7,14,35.45211,44.375465,200507140005
2005,7,14,33.303566000000004,44.371773,200507140006
2005,7,14,33.303566000000004,44.371773,200507140007
2005,7,14,6.5425,101.283056,200507140008
2005,7,14,31.750286,67.316571,200507140009
2005,7,14,7.381585,81.72263,200507140010
2005,7,14,8.499728,81.094412,200507140013
2005,7,15,33.335258,69.928467,200507150001
2005,7,15,33.303566000000004,44.371773,200507150002
2005,7,15,34.92485,43.491413,200507150003
2005,7,15,33.303566000000004,44.371773,200507150004
2005,7,15,33.74324,44.623825,200507150005
2005,7,15,33.303566000000004,44.371773,200507150006
2005,7,15,29.949501,66.219811,200507150007
2005,7,15,34.010471,44.148235,200507150009
2005,7,16,32.777344,44.289352,200507160001
2005,7,16,37.745068,27.290749,200507160002
2005,7,16,36.354145,43.14357,200507160003
2005,7,16,32.114722,44.942778,200507160004
2005,7,16,11.863926,-15.584904,200507160005
2005,7,16,33.303566000000004,44.371773,200507160006
2005,7,16,33.303566000000004,44.371773,200507160007
2005,7,16,11.871116,-15.605998,200507160008
2005,7,16,11.871116,-15.605998,200507160010
2005,7,16,33.303566000000004,44.371773,200507160013
2005,7,16,54.607712,-5.95621,200507160015
2005,7,16,31.044371,46.261452,200507160016
2005,7,17,26.627103,87.182658,200507170001
2005,7,17,33.303566000000004,44.371773,200507170003
2005,7,17,33.303566000000004,44.371773,200507170004
2005,7,17,33.057991,44.354839,200507170005
2005,7,17,11.871116,-15.605998,200507170006
2005,7,17,33.318595,44.513997,200507170007
2005,7,18,11.544088,-72.90688,200507180001
2005,7,18,36.249029,0.759831,200507180002
2005,7,18,35.422127,74.096527,200507180003
2005,7,19,33.303566000000004,44.371773,200507190001
2005,7,19,43.6753,45.1277,200507190002
2005,7,19,33.74324,44.623825,200507190003
2005,7,19,32.925224,75.135264,200507190004
2005,7,20,34.08374,74.789902,200507200001
2005,7,20,33.303566000000004,44.371773,200507200002
2005,7,21,33.669495,66.046353,200507210001
2005,7,21,51.504387,-0.140041,200507210002
2005,7,21,33.303566000000004,44.371773,200507210003
2005,7,21,31.363647,63.958611,200507210004
2005,7,21,7.219392,81.849757,200507210005
2005,7,21,51.504387,-0.140041,200507210006
2005,7,21,51.504387,-0.140041,200507210007
2005,7,21,51.504387,-0.140041,200507210008
2005,7,21,33.739559,70.332789,200507210009
2005,7,21,33.303566000000004,44.371773,200507210010
2005,7,21,43.317073,-2.678975,200507210011
2005,7,21,7.414383,81.830633,200507210012
2005,7,21,6.875271,81.830633,200507210013
2005,7,22,33.303566000000004,44.371773,200507220001
2005,7,22,31.363647,63.958611,200507220002
2005,7,22,33.888523,35.503513,200507220003
2005,7,23,27.915557,34.329886,200507230001
2005,7,23,42.880447,-8.546303,200507230002
2005,7,23,31.374332,34.398757,200507230003
2005,7,23,31.544476,65.484566,200507230004
2005,7,24,33.303566000000004,44.371773,200507240001
2005,7,24,43.345922,46.662238,200507240002
2005,7,24,38.946189,41.753893,200507240003
2005,7,24,35.325022,70.907124,200507240004
2005,7,24,41.106178,28.689863,200507240005
2005,7,24,31.375046,34.370024,200507240007
2005,7,24,-8.448899,-76.324652,200507240008
2005,7,25,32.233056,66.111667,200507250001
2005,7,25,33.001238,68.643557,200507250002
2005,7,25,33.303566000000004,44.371773,200507250003
2005,7,25,33.335258,69.928467,200507250004
2005,7,25,9.360834,42.796741,200507250005
2005,7,25,33.303566000000004,44.371773,200507250006
2005,7,25,34.516895,69.147011,200507250007
2005,7,25,9.360834,42.796741,200507250008
2005,7,25,9.360834,42.796741,200507250009
2005,7,26,34.533753,43.483738,200507260001
2005,7,26,33.31065,44.038208,200507260002
2005,7,26,43.248554,46.597836,200507260003
2005,7,26,31.46123,66.52239,200507260004
2005,7,26,33.1782,68.752533,200507260005
2005,7,26,54.863117,-6.278343,200507260006
2005,7,26,54.963921,-6.224963,200507260007
2005,7,26,32.559761,41.919647,200507260008
2005,7,27,33.303566000000004,44.371773,200507270001
2005,7,27,29.266706,80.933135,200507270002
2005,7,27,42.957163,46.237928,200507270003
2005,7,27,33.303566000000004,44.371773,200507270004
2005,7,27,33.303566000000004,44.371773,200507270005
2005,7,27,35.45211,44.375465,200507270006
2005,7,27,33.303566000000004,44.371773,200507270007
2005,7,28,42.98542,47.450668,200507280001
2005,7,28,41.591369,9.278311,200507280002
2005,7,28,27.431907,86.110112,200507280003
2005,7,28,34.526913,43.708546,200507280004
2005,7,28,25.747333,82.68508,200507280006
2005,7,28,33.303566000000004,44.371773,200507280007
2005,7,28,39.227978,40.069525,200507280008
2005,7,28,32.306099,69.579956,200507280009
2005,7,28,42.699997,9.447317,200507280010
2005,7,28,42.134855,8.595838,200507280011
2005,7,29,40.55784,39.293491,200507290001
2005,7,29,34.08374,74.789902,200507290002
2005,7,29,31.502407,34.459743,200507290003
2005,7,29,36.729435,3.498687,200507290004
2005,7,29,6.202025,101.252379,200507290005
2005,7,29,32.850044,74.654682,200507290006
2005,7,29,36.803982,42.093945,200507290007
2005,7,29,38.986096,-3.927263,200507290008
2005,7,29,37.577039,43.736096,200507290009
2005,7,29,33.303566000000004,44.371773,200507290010
2005,7,29,39.856778,-4.024476,200507290011
2005,7,30,33.303566000000004,44.371773,200507300001
2005,7,30,6.497656,124.849655,200507300002
2005,7,30,26.799742,88.050084,200507300003
2005,7,30,33.303566000000004,44.371773,200507300004
2005,7,30,43.169068,-2.632655,200507300005
2005,7,30,30.510054,47.778095,200507300006
2005,7,30,2.059819,45.326115,200507300007
2005,7,30,43.169068,-2.632655,200507300008
2005,7,30,32.999183,65.509828,200507300009
2005,7,31,28.007045,83.165268,200507310001
2005,7,31,31.363647,63.958611,200507310002
2005,7,31,32.88018,44.386963,200507310003
2005,7,31,38.290124,40.502997,200507310004
2005,7,31,28.193167,83.204946,200507310005
2005,8,1,10.697758,-73.352731,200508010001
2005,8,1,31.502407,34.459743,200508010002
2005,8,1,33.303566000000004,44.371773,200508010003
2005,8,1,35.45211,44.375465,200508010004
2005,8,1,33.303566000000004,44.371773,200508010005
2005,8,1,12.5677,123.7337,200508010006
2005,8,1,43.344167,-3.006389,200508010007
2005,8,2,30.510054,47.778095,200508020001
2005,8,2,33.303566000000004,44.371773,200508020002
2005,8,2,33.303566000000004,44.371773,200508020003
2005,8,2,36.886788,30.706222,200508020004
2005,8,2,36.886788,30.706222,200508020005
2005,8,2,33.778175,76.576171,200508020006
2005,8,2,34.257778,74.368889,200508020007
2005,8,2,33.778175,76.576171,200508020008
2005,8,2,34.532834,74.413723,200508020009
2005,8,2,31.53619,34.539574,200508020010
2005,8,2,29.483192,81.400457,200508020011
2005,8,2,34.208416,43.890713,200508020012
2005,8,2,31.60063,64.369652,200508020013
2005,8,2,35.724533,51.40519,200508020014
2005,8,2,6.166706,101.911987,200508020015
2005,8,2,33.303566000000004,44.371773,200508020016
2005,8,2,33.498229,67.761598,200508020017
2005,8,2,6.381892,101.506227,200508020018
2005,8,2,7.946435,81.247846,200508020019
2005,8,3,42.966907,47.457636,200508030001
2005,8,3,42.98542,47.450668,200508030002
2005,8,3,33.303566000000004,44.371773,200508030003
2005,8,3,1.1158,-76.3261,200508030004
2005,8,3,33.14575,75.548049,200508030005
2005,8,3,33.371715,74.315313,200508030006
2005,8,3,31.502407,34.459743,200508030007
2005,8,4,32.630883,66.767491,200508040001
2005,8,4,31.517962,64.11378,200508040002
2005,8,4,43.345922,46.662238,200508040003
2005,8,4,33.303566000000004,44.371773,200508040004
2005,8,4,33.74324,44.623825,200508040005
2005,8,4,35.46979,44.396337,200508040006
2005,8,4,32.805833,35.168891,200508040007
2005,8,4,6.385287,101.701136,200508040008
2005,8,4,6.381892,101.506227,200508040009
2005,8,4,41.106178,28.689863,200508040010
2005,8,4,33.303566000000004,44.371773,200508040011
2005,8,5,33.74324,44.623825,200508050001
2005,8,5,38.577164,40.31471,200508050002
2005,8,5,37.303442,44.57696,200508050003
2005,8,5,56.832639,60.600856,200508050004
2005,8,5,33.303566000000004,44.371773,200508050005
2005,8,5,33.303566000000004,44.371773,200508050006
2005,8,6,31.53619,34.539574,200508060001
2005,8,6,31.292222,34.29054,200508060002
2005,8,6,33.363333,69.956389,200508060003
2005,8,6,7.08582,-70.75779,200508060004
2005,8,6,26.149794,91.763931,200508060005
2005,8,6,26.149794,91.763931,200508060006
2005,8,6,34.208416,43.890713,200508060007
2005,8,6,36.70993,67.1157,200508060008
2005,8,6,36.70993,67.1157,200508060009
2005,8,7,33.566561,69.878354,200508070001
2005,8,7,27.492191,95.346775,200508070002
2005,8,7,27.492191,95.346775,200508070003
2005,8,7,25.97796,91.235629,200508070004
2005,8,7,26.980167,94.630267,200508070005
2005,8,7,26.200604,92.937574,200508070006
2005,8,7,27.35766,95.32143,200508070007
2005,8,7,26.180486,91.832849,200508070008
2005,8,7,26.180486,91.832849,200508070009
2005,8,7,26.180486,91.832849,200508070010
2005,8,7,26.346371,92.684043,200508070011
2005,8,7,32.933333,44.466667,200508070012
2005,8,7,32.982933,44.361595,200508070013
2005,8,7,34.621521,43.668377,200508070014
2005,8,7,31.907141,35.198219,200508070015
2005,8,7,8.351263,81.006993,200508070016
2005,8,7,6.254153,101.729605,200508070017
2005,8,7,25.999413,63.047451,200508070018
2005,8,7,30.043295,69.923814,200508070019
2005,8,8,34.92485,43.491413,200508080001
2005,8,8,33.292778,68.286389,200508080002
2005,8,8,26.750085,94.219062,200508080003
2005,8,8,33.303566000000004,44.371773,200508080004
2005,8,8,31.5282,34.596382,200508080005
2005,8,8,31.292222,34.29054,200508080006
2005,8,8,5.928056,101.883889,200508080007
2005,8,8,6.545499,101.2799,200508080008
2005,8,9,18.436781,79.129821,200508090001
2005,8,9,35.45211,44.375465,200508090002
2005,8,9,34.271034,45.163567,200508090003
2005,8,9,6.700696,101.433915,200508090004
2005,8,10,32.138161,66.64147,200508100001
2005,8,10,26.474994,91.268866,200508100002
2005,8,10,33.303566000000004,44.371773,200508100003
2005,8,10,34.92485,43.491413,200508100004
2005,8,10,30.004092,47.937309,200508100005
2005,8,10,35.45211,44.375465,200508100006
2005,8,10,33.303566000000004,44.371773,200508100007
2005,8,10,32.570144,69.457412,200508100008
2005,8,10,6.929089,122.07885,200508100009
2005,8,10,6.929089,122.07885,200508100010
2005,8,10,10.666667,-61.516667,200508100011
2005,8,10,6.202025,101.252379,200508100012
2005,8,10,6.190088,101.797961,200508100013
2005,8,10,54.463367,-6.328597,200508100014
2005,8,11,42.955518,46.124771,200508110001
2005,8,11,43.492949,-1.474841,200508110002
2005,8,11,26.208185,93.050267,200508110003
2005,8,11,30.510054,47.778095,200508110004
2005,8,11,33.303566000000004,44.371773,200508110005
2005,8,11,33.303566000000004,44.371773,200508110006
2005,8,11,35.45211,44.375465,200508110007
2005,8,11,33.303566000000004,44.371773,200508110008
2005,8,11,14.915362,120.767766,200508110009
2005,8,11,15.06349,120.725752,200508110010
2005,8,11,27.027712,95.030176,200508110011
2005,8,12,7.414383,81.830633,200508110013
2005,8,12,31.617667,65.675942,200508120001
2005,8,12,1.045,-76.274167,200508120002
2005,8,12,27.205833,79.366389,200508120003
2005,8,12,33.296232,74.862409,200508120004
2005,8,12,6.941837,79.861687,200508120005
2005,8,12,6.941837,79.861687,200508120006
2005,8,13,23.868619,91.209729,200508130001
2005,8,13,31.044371,46.261452,200508130002
2005,8,13,6.202025,101.252379,200508130003
2005,8,13,38.461835,39.861713,200508130004
2005,8,13,33.303566000000004,44.371773,200508130005
2005,8,13,34.208416,43.890713,200508130006
2005,8,14,29.673863,68.715498,200508140001
2005,8,14,30.200819,66.994354,200508140002
2005,8,14,26.115631,62.037643,200508140003
2005,8,14,32.475559,69.636063,200508140004
2005,8,14,28.490733,65.095779,200508140005
2005,8,14,33.303566000000004,44.371773,200508140006
2005,8,14,32.654751,44.408989,200508140007
2005,8,14,33.14575,75.548049,200508140008
2005,8,14,31.502407,34.459743,200508140009
2005,8,14,6.772404,101.292062,200508140010
2005,8,14,41.106178,28.689863,200508140011
2005,8,15,32.100204,66.901016,200508150001
2005,8,15,43.320229,45.654491,200508150002
2005,8,15,7.946283,-72.898807,200508150003
2005,8,15,23.849325,72.126626,200508150004
2005,8,15,34.08374,74.789902,200508150005
2005,8,15,16.690933,79.567945,200508150006
2005,8,15,33.74324,44.623825,200508150007
2005,8,15,33.303566000000004,44.371773,200508150008
2005,8,15,33.303566000000004,44.371773,200508150009
2005,8,15,33.835629,44.247406,200508150010
2005,8,15,37.569603,43.165798,200508150011
2005,8,16,36.406742,2.690234,200508160001
2005,8,16,7.733107,81.68882,200508160002
2005,8,17,31.617667,65.675942,200508170001
2005,8,17,6.425461,101.825314,200508170002
2005,8,17,33.303566000000004,44.371773,200508170004
2005,8,17,33.303566000000004,44.371773,200508170005
2005,8,17,33.303566000000004,44.371773,200508170006
2005,8,18,3.7246,-75.4841,200508180001
2005,8,18,32.801389,67.746389,200508180002
2005,8,18,33.420948,43.295662,200508180003
2005,8,18,33.303566000000004,44.371773,200508180004
2005,8,18,33.871517,74.89955,200508180005
2005,8,18,27.809921,66.620956,200508180006
2005,8,18,31.907141,35.198219,200508180007
2005,8,18,6.202025,101.252379,200508180008
2005,8,18,6.202025,101.252379,200508180009
2005,8,19,36.354145,43.14357,200508190001
2005,8,19,29.531969,35.007061,200508190002
2005,8,19,6.427236,101.833652,200508190004
2005,8,20,32.475624,67.61425,200508200001
2005,8,20,35.55,6.166667,200508200002
2005,8,20,36.802253,3.565254,200508200003
2005,8,20,8.977146,38.773226,200508200004
2005,8,20,33.303566000000004,44.371773,200508200005
2005,8,20,32.982933,44.361595,200508200006
2005,8,20,33.303566000000004,44.371773,200508200007
2005,8,20,33.303566000000004,44.371773,200508200008
2005,8,20,6.772404,101.292062,200508200009
2005,8,20,6.166706,101.911987,200508200010
2005,8,20,6.541147,101.280395,200508200011
2005,8,20,6.491822,101.3885,200508200012
2005,8,20,36.976667,36.738466,200508200013
2005,8,20,43.21471,47.16456,200508200014
2005,8,20,36.930165,6.584411,200508200015
2005,8,20,6.874658,79.860483,200508200016
2005,8,21,31.550039,65.45263,200508210001
2005,8,21,34.516895,69.147011,200508210002
2005,8,21,33.303566000000004,44.371773,200508210003
2005,8,21,34.92485,43.491413,200508210004
2005,8,21,34.208416,43.890713,200508210005
2005,8,21,34.92485,43.491413,200508210006
2005,8,21,34.208416,43.890713,200508210007
2005,8,21,33.74324,44.623825,200508210008
2005,8,21,6.258889,102.055,200508210009
2005,8,21,33.74324,44.623825,200508210010
2005,8,22,35.45211,44.375465,200508220001
2005,8,22,32.925224,75.135264,200508220002
2005,8,22,33.888523,35.503513,200508220003
2005,8,22,29.673863,68.715498,200508220004
2005,8,22,8.577826,81.218719,200508220005
2005,8,23,29.673863,68.715498,200508230001
2005,8,23,29.673863,68.715498,200508230002
2005,8,23,7.579405,-75.400101,200508230003
2005,8,23,33.74324,44.623825,200508230004
2005,8,23,34.239952,44.510111,200508230005
2005,8,24,34.824077,70.360692,200508240001
2005,8,24,33.303566000000004,44.371773,200508240002
2005,8,24,34.208416,43.890713,200508240003
2005,8,24,33.74324,44.623825,200508240004
2005,8,24,33.303566000000004,44.371773,200508240005
2005,8,24,35.45211,44.375465,200508240006
2005,8,24,33.848618,44.522125,200508240007
2005,8,24,31.771599,35.2034,200508240008
2005,8,24,28.150898,81.765099,200508240009
2005,8,24,6.258889,102.055,200508240010
2005,8,24,6.491822,101.3885,200508240011
2005,8,24,36.742386,3.722816,200508240013
2005,8,25,31.60063,64.369652,200508250001
2005,8,25,-3.648426,128.16576,200508250002
2005,8,25,32.533287,45.829453,200508250003
2005,8,25,33.401699,44.357658,200508250004
2005,8,25,31.5282,34.596382,200508250005
2005,8,25,43.2267,44.770569,200508250006
2005,8,25,6.381892,101.506227,200508250007
2005,8,25,33.303566000000004,44.371773,200508250008
2005,8,26,6.254153,101.729605,200508260001
2005,8,26,6.202025,101.252379,200508260002
2005,8,27,35.45211,44.375465,200508270001
2005,8,27,34.399281,74.281273,200508270002
2005,8,27,27.48643,83.276751,200508270003
2005,8,27,3.047242,33.365447,200508270004
2005,8,28,32.666404,65.903629,200508280001
2005,8,28,33.303566000000004,44.371773,200508280002
2005,8,28,31.248484,34.787853,200508280003
2005,8,28,27.729986,85.710132,200508280004
2005,8,28,34.89165,7.23539,200508280005
2005,8,28,6.057088,101.695444,200508280006
2005,8,28,43.248554,46.597836,200508280007
2005,8,28,6.425461,101.825314,200508280008
2005,8,28,6.202025,101.252379,200508280009
2005,8,29,33.303566000000004,44.371773,200508290001
2005,8,29,33.303566000000004,44.371773,200508290002
2005,8,28,6.645556,122.101944,200508290003
2005,8,29,6.941837,79.861687,200508290004
2005,8,30,35.45211,44.375465,200508300001
2005,8,30,34.161541,74.553093,200508300002
2005,8,30,7.109883,124.824303,200508300003
2005,8,30,46.100278,19.665556,200508300004
2005,8,30,6.258889,102.055,200508300005
2005,8,30,6.242799,101.297732,200508300006
2005,8,30,26.365586,91.327863,200508300007
2005,8,31,32.495328,62.262663,200508310001
2005,8,31,33.303566000000004,44.371773,200508310002
2005,8,31,29.803965,66.85099,200508310003
2005,8,31,6.190088,101.797961,200508310004
2005,8,31,6.190088,101.797961,200508310005
2005,8,31,5.993038,101.966181,200508310006
2005,8,31,7.843164,81.548239,200508310008
2005,9,0,34.097866,-118.407379,200509000001
2005,9,1,36.76029,3.472395,200509010001
2005,9,2,43.248554,46.597836,200509020001
2005,9,2,31.825871,64.576431,200509020002
2005,9,2,33.335258,69.928467,200509020003
2005,9,2,31.825871,64.576431,200509020004
2005,9,2,54.607712,-5.95621,200509020005
2005,9,3,33.74324,44.623825,200509030001
2005,9,3,33.74324,44.623825,200509030002
2005,9,3,34.208416,43.890713,200509030003
2005,9,4,7.733107,81.68882,200509040001
2005,9,4,32.100204,66.901016,200509040002
2005,9,4,18.791667,80.816667,200509040003
2005,9,4,7.733107,81.68882,200509040004
2005,9,5,34.086149,74.515567,200509050001
2005,9,5,33.006516,70.068253,200509050002
2005,9,5,30.388007,47.713127,200509050003
2005,9,5,33.303566000000004,44.371773,200509050004
2005,9,5,33.303566000000004,44.371773,200509050005
2005,9,5,7.435522,81.814238,200509050008
2005,9,7,30.510054,47.778095,200509070001
2005,9,7,31.360265,34.328958,200509070002
2005,9,7,6.247924,102.003296,200509070003
2005,9,7,30.510054,47.778095,200509070004
2005,9,7,43.320229,45.654491,200509070005
2005,9,8,43.390031,46.616657,200509080001
2005,9,8,7.689011,81.72947,200509080002
2005,9,9,33.420948,43.295662,200509090001
2005,9,9,43.124254,46.158573,200509090002
2005,9,9,33.778175,76.576171,200509090003
2005,9,9,34.08374,74.789902,200509090004
2005,9,9,8.738157,80.477147,200509090005
2005,9,10,8.907561,79.964661,200509100001
2005,9,10,30.566667,2.883333,200509100002
2005,9,11,54.607712,-5.95621,200509110001
2005,9,11,38.654722,40.728611,200509110002
2005,9,11,30.510054,47.778095,200509110003
2005,9,11,8.577826,81.218719,200509110005
2005,9,12,23.610181,85.279935,200509120001
2005,9,12,22.845641,89.540328,200509120002
2005,9,13,30.200819,66.994354,200509130001
2005,9,13,32.927129,66.141526,200509130002
2005,9,13,32.927129,66.141526,200509130003
2005,9,13,36.903639,3.844437,200509130004
2005,9,13,36.86318,3.88035,200509130005
2005,9,14,33.303566000000004,44.371773,200509140001
2005,9,14,33.530734,44.274292,200509140002
2005,9,14,30.200819,66.994354,200509140003
2005,9,14,30.703012,67.09404,200509140004
2005,9,14,41.467597,12.9037,200509140005
2005,9,14,9.729722,80.023056,200509140006
2005,9,15,36.81224,6.23876,200509150001
2005,9,15,36.7565,3.2637,200509150002
2005,9,16,34.881348,44.62513,200509160001
2005,9,16,33.303566000000004,44.371773,200509160002
2005,9,16,31.1225,64.204722,200509160003
2005,9,16,43.18492,44.7193,200509160004
2005,9,16,34.516895,69.147011,200509160005
2005,9,16,33.303566000000004,44.371773,200509160006
2005,9,16,36.950124,6.403077,200509160007
2005,9,17,33.375759,44.702866,200509170001
2005,9,17,33.835629,44.247406,200509170002
2005,9,17,38.504136,43.375265,200509170003
2005,9,17,43.427011,46.087993,200509170004
2005,9,17,34.417122,70.449593,200509170005
2005,9,17,33.31065,44.038208,200509170006
2005,9,17,36.724636,6.049261,200509170007
2005,9,18,34.516895,69.147011,200509180001
2005,9,18,33.006516,70.068253,200509180002
2005,9,19,45.812813,15.978283,200509190001
2005,9,19,33.057991,44.354839,200509190002
2005,9,19,36.354145,43.14357,200509190003
2005,9,19,30.510054,47.778095,200509190004
2005,9,20,42.224159,43.9632,200509200001
2005,9,20,32.475559,69.636063,200509200003
2005,9,20,55.011562,-7.312045,200509200004
2005,9,21,6.263623,101.769469,200509210001
2005,9,21,7.733107,81.68882,200509210003
2005,9,22,31.50547,74.34288,200509220001
2005,9,22,4.561389,6.751944,200509220002
2005,9,22,36.493768,5.852022,200509220003
2005,9,22,36.83727,6.637388,200509220004
2005,9,23,6.166706,101.911987,200509230001
2005,9,23,33.303566000000004,44.371773,200509230002
2005,9,23,33.303566000000004,44.371773,200509230003
2005,9,23,6.166706,101.911987,200509230004
2005,9,23,6.202025,101.252379,200509230005
2005,9,24,40.694157,-4.594344,200509240001
2005,9,24,36.767885,3.712324,200509240003
2005,9,25,23.940848,91.988153,200509250001
2005,9,25,32.469238,44.416637,200509250002
2005,9,25,35.45211,44.375465,200509250003
2005,9,25,33.888523,35.503513,200509250004
2005,9,25,33.303566000000004,44.371773,200509250005
2005,9,25,35.694598,1.998181,200509250007
2005,9,25,36.74,3.34,200509250008
2005,9,26,32.405702,64.470381,200509260001
2005,9,26,33.303566000000004,44.371773,200509260002
2005,9,26,33.303566000000004,44.371773,200509260003
2005,9,26,34.435775,3.896768,200509260004
2005,9,27,33.74324,44.623825,200509270001
2005,9,27,6.498934,101.536173,200509270002
2005,9,27,6.772404,101.292062,200509270003
2005,9,27,31.617667,65.675942,200509270004
2005,9,27,34.875656,71.152008,200509270005
2005,9,27,34.4167,3.83333,200509270006
2005,9,28,34.516895,69.147011,200509280001
2005,9,28,36.376823,42.448875,200509280002
2005,9,28,7.733107,81.68882,200509280003
2005,9,29,34.010471,44.148235,200509290001
2005,9,29,34.08374,74.789902,200509290002
2005,9,29,8.454354,81.291797,200509290003
2005,9,29,13.581508,24.801699,200509290004
2005,9,29,41.930607,8.742907,200509290005
2005,9,30,32.469238,44.416637,200509300001
2005,9,30,34.875656,71.152008,200509300002
2005,9,30,34.680833,4.096944,200509300003
2005,9,30,7.921328,81.52467,200509300004
2005,10,1,-8.790422,115.159278,200510010001
2005,10,1,-8.722791,115.17229,200510010002
2005,10,1,33.303566000000004,44.371773,200510010003
2005,10,1,7.414383,81.830633,200510010004
2005,10,2,22.718485,89.070477,200510020001
2005,10,2,27.708754,85.329498,200510020002
2005,10,2,27.209794,87.780023,200510020003
2005,10,2,27.20364,87.815672,200510020004
2005,10,2,27.20364,87.815672,200510020005
2005,10,2,27.20364,87.815672,200510020006
2005,10,2,27.258751,87.809553,200510020007
2005,10,3,4.658056,-76.476667,200510030001
2005,10,3,22.341896,91.815117,200510030002
2005,10,3,23.224468,90.654359,200510030003
2005,10,3,22.945403,90.834162,200510030004
2005,10,3,33.530734,44.274292,200510030005
2005,10,4,32.222271,35.253506,200510040001
2005,10,4,33.303566000000004,44.371773,200510040002
2005,10,4,36.919552,3.891396,200510040003
2005,10,4,36.727778,3.553889,200510040004
2005,10,5,32.469238,44.416637,200510050001
2005,10,5,31.617667,65.675942,200510050002
2005,10,5,7.414383,81.830633,200510050003
2005,10,6,33.303566000000004,44.371773,200510060001
2005,10,6,6.941837,79.861687,200510060002
2005,10,6,36.75,6.266667,200510060003
2005,10,6,7.921328,81.52467,200510060004
2005,10,7,33.403057,43.911865,200510070001
2005,10,7,34.363503,41.115997,200510070002
2005,10,7,6.166706,101.911987,200510070003
2005,10,7,32.646737,73.508827,200510070004
2005,10,8,36.805258,3.813209,200510080001
2005,10,9,31.617667,65.675942,200510090001
2005,10,10,29.4371,64.038418,200510100001
2005,10,10,31.617667,65.675942,200510100002
2005,10,10,31.617667,65.675942,200510100003
2005,10,10,32.469238,44.416637,200510100004
2005,10,11,36.376823,42.448875,200510110001
2005,10,11,33.303566000000004,44.371773,200510110002
2005,10,11,9.706066,80.05958,200510110004
2005,10,12,34.516895,69.147011,200510120001
2005,10,12,33.303566000000004,44.371773,200510120002
2005,10,12,31.300213,45.277092,200510120003
2005,10,12,9.666399,80.020477,200510120004
2005,10,13,43.484122,43.627361,200510130001
2005,10,13,43.484122,43.627361,200510130002
2005,10,13,43.484122,43.627361,200510130003
2005,10,13,43.484122,43.627361,200510130004
2005,10,13,43.484122,43.627361,200510130005
2005,10,13,43.484122,43.627361,200510130006
2005,10,13,43.484122,43.627361,200510130007
2005,10,13,43.484122,43.627361,200510130008
2005,10,14,33.303566000000004,44.371773,200510140001
2005,10,14,36.176443,6.719083,200510140002
2005,10,15,31.285506,48.643416,200510150001
2005,10,15,32.371698,75.522909,200510150002
2005,10,16,8.577826,81.218719,200510160001
2005,10,16,7.733107,81.68882,200510160002
2005,10,16,6.809956,101.485031,200510160003
2005,10,16,31.654064,35.125057,200510160004
2005,10,16,6.941837,79.861687,200510160007
2005,10,17,24.897778,91.871389,200510170001
2005,10,17,33.303566000000004,44.371773,200510170002
2005,10,17,31.363647,63.958611,200510170003
2005,10,17,34.846589,71.097317,200510170004
2005,10,17,2.059819,45.326115,200510170005
2005,10,17,26.275268,92.953375,200510170006
2005,10,17,21.489294,84.276599,200510170007
2005,10,17,10.72703,123.826289,200510170008
2005,10,17,31.285506,48.643416,200510170009
2005,10,18,35.45211,44.375465,200510180001
2005,10,18,34.08374,74.789902,200510180002
2005,10,18,32.153782,66.269447,200510180004
2005,10,18,31.550039,65.45263,200510180005
2005,10,19,19.70594,-72.402489,200510190001
2005,10,19,34.208416,43.890713,200510190002
2005,10,19,34.010231,74.917259,200510190003
2005,10,19,33.303566000000004,44.371773,200510190004
2005,10,19,36.821899,5.766102,200510190005
2005,10,19,33.303566000000004,44.371773,200510190006
2005,10,19,8.778603,80.485242,200510190007
2005,10,20,43.361746,45.410999,200510200001
2005,10,20,33.303566000000004,44.371773,200510200002
2005,10,20,33.303566000000004,44.371773,200510200004
2005,10,20,33.733336,75.148983,200510200005
2005,10,20,37.573583,44.285809,200510200006
2005,10,20,37.885793,41.130124,200510200007
2005,10,21,6.202025,101.252379,200510210001
2005,10,21,16.887781,96.149559,200510210002
2005,10,22,34.077905,74.678018,200510220001
2005,10,22,34.08374,74.789902,200510220002
2005,10,22,43.297222,-2.991667,200510220003
2005,10,22,35.45211,44.375465,200510220004
2005,10,23,31.61299,65.761013,200510230001
2005,10,23,29.200598,80.89865,200510230002
2005,10,23,33.335258,69.928467,200510230003
2005,10,23,33.303566000000004,44.371773,200510230004
2005,10,23,33.436221,69.031746,200510230005
2005,10,23,32.460617,35.301247,200510230006
2005,10,23,32.196399,34.981526,200510230007
2005,10,23,22.845641,89.540328,200510230008
2005,10,24,32.585838,71.092152,200510240001
2005,10,24,33.303566000000004,44.371773,200510240002
2005,10,24,37.10783,70.567558,200510240003
2005,10,24,32.777344,44.289352,200510240004
2005,10,24,28.160098,82.949715,200510240005
2005,10,25,34.357397,70.225507,200510250001
2005,10,25,13.624196,25.344978,200510250003
2005,10,25,36.266667,2.75,200510250004
2005,10,26,32.434788,34.92157,200510260001
2005,10,26,33.778175,76.576171,200510260002
2005,10,26,36.62707,6.634418,200510260003
2005,10,26,36.62707,6.634418,200510260004
2005,10,27,27.02022,85.290086,200510270001
2005,10,27,31.617667,65.675942,200510270002
2005,10,28,30.491551,35.165443,200510280001
2005,10,28,33.652778,69.136111,200510280002
2005,10,28,6.125094,101.911987,200510280003
2005,10,28,-0.815556,120.176667,200510280004
2005,10,29,28.585836,77.153336,200510290001
2005,10,29,28.585836,77.153336,200510290002
2005,10,29,28.585836,77.153336,200510290003
2005,10,29,34.014552,69.192392,200510290004
2005,10,29,31.382116,64.348244,200510290005
2005,10,29,32.220155,35.340496,200510290006
2005,10,29,42.479623,21.740599,200510290007
2005,10,29,29.64412,67.816657,200510290008
2005,10,29,-1.393147,120.754749,200510290009
2005,10,29,28.585836,77.153336,200510290010
2005,10,30,33.303566000000004,44.371773,200510300001
2005,10,30,6.941837,79.861687,200510300002
2005,10,30,9.052101,38.74496,200510300003
2005,10,30,21.422512,39.826209,200510300004
2005,10,30,6.869484,101.250483,200510300005
2005,10,30,36.736111,3.431667,200510300006
2005,10,30,36.758234,3.484279,200510300007
2005,10,30,36.774689,5.89891,200510300008
2005,10,30,36.803501,3.563821,200510300010
2005,10,31,30.510054,47.778095,200510310001
2005,10,31,-34.891151,-56.187214,200510310002
2005,10,31,16.917494,43.762409,200510310003
2005,10,31,36.81694,3.85722,200510310004
2005,10,31,9.666399,80.020477,200510310005
2005,11,1,37.303442,44.57696,200511010001
2005,11,2,34.067275,74.765379,200511020001
2005,11,2,32.777344,44.289352,200511020002
2005,11,2,33.263119,44.554459,200511020003
2005,11,2,6.424468,101.815057,200511020004
2005,11,4,33.716995,44.679516,200511040001
2005,11,5,32.824731,70.067644,200511050001
2005,11,5,8.577826,81.218719,200511050002
2005,11,7,22.281867,114.161326,200511070001
2005,11,7,31.60063,64.369652,200511070002
2005,11,8,6.545499,101.2799,200511080001
2005,11,8,6.545499,101.2799,200511080002
2005,11,9,37.303442,44.57696,200511090001
2005,11,9,31.950001,35.933331,200511090002
2005,11,9,31.950001,35.933331,200511090003
2005,11,9,31.950001,35.933331,200511090004
2005,11,9,33.74324,44.623825,200511090005
2005,11,9,33.303566000000004,44.371773,200511090006
2005,11,10,33.303566000000004,44.371773,200511100001
2005,11,10,34.621521,43.668377,200511100002
2005,11,11,33.303566000000004,44.371773,200511110001
2005,11,11,32.191878,67.189449,200511110002
2005,11,11,34.648056,-1.753056,200511110003
2005,11,12,33.303566000000004,44.371773,200511120001
2005,11,12,33.509963,70.121765,200511120002
2005,11,12,31.363647,63.958611,200511120003
2005,11,12,4.667128,-74.106056,200511120004
2005,11,12,36.803501,3.563821,200511120005
2005,11,13,32.073333,64.833889,200511130001
2005,11,13,36.803501,3.563821,200511130002
2005,11,14,34.516895,69.147011,200511140001
2005,11,14,34.516895,69.147011,200511140002
2005,11,14,22.641977,90.198083,200511140003
2005,11,14,34.08374,74.789902,200511140004
2005,11,14,36.76029,3.472395,200511140005
2005,11,14,36.797769,3.717578,200511140006
2005,11,15,24.891115,67.143311,200511150001
2005,11,15,34.05998,74.424533,200511150002
2005,11,16,34.08374,74.789902,200511160001
2005,11,16,31.617667,65.675942,200511160002
2005,11,16,36.724419,3.619247,200511160003
2005,11,16,7.435522,81.814238,200511160005
2005,11,16,7.414383,81.830633,200511160006
2005,11,18,7.219392,81.849757,200511170001
2005,11,17,7.414383,81.830633,200511170007
2005,11,17,7.785857,81.589802,200511170009
2005,11,18,33.303566000000004,44.371773,200511180001
2005,11,18,34.347343,45.383274,200511180002
2005,11,19,33.926586,44.772064,200511190001
2005,11,19,41.106178,28.689863,200511190002
2005,11,19,33.303566000000004,44.371773,200511190003
2005,11,19,31.825871,64.576431,200511190004
2005,11,19,31.026149,62.450415,200511190005
2005,11,20,5.993038,101.966181,200511200001
2005,11,20,5.993038,101.966181,200511200002
2005,11,20,37.99749,23.762728,200511200003
2005,11,20,39.6425,-77.717579,200511200004
2005,11,21,2.943647,32.79135,200511210001
2005,11,21,15.45639,45.324871,200511210002
2005,11,21,32.861304,67.180975,200511210003
2005,11,21,32.861304,67.180975,200511210004
2005,11,22,35.45211,44.375465,200511220001
2005,11,23,33.303566000000004,44.371773,200511230001
2005,11,23,34.08374,74.789902,200511230002
2005,11,24,33.057991,44.354839,200511240001
2005,11,24,9.82486,80.236347,200511240002
2005,11,24,8.577826,81.218719,200511240003
2005,11,26,34.208416,43.890713,200511260001
2005,11,26,33.303566000000004,44.371773,200511260002
2005,11,27,23.761702,88.943667,200511270001
2005,11,29,24.092858,90.419022,200511290001
2005,11,29,22.341896,91.815117,200511290002
2005,11,29,32.715695,-117.161719,200511290003
2005,11,29,32.715695,-117.161719,200511290004
2005,12,1,24.092858,90.419022,200512010001
2005,12,1,36.42087,4.198719,200512010002
2005,12,2,2.68523,-75.32598,200512020001
2005,12,2,32.074078,66.141526,200512020002
2005,12,2,32.405702,64.470381,200512020003
2005,12,2,6.425461,101.825314,200512020004
2005,12,2,36.694674,4.669579,200512020005
2005,12,3,24.897778,91.871389,200512030001
2005,12,4,42.165426,20.615402,200512040001
2005,12,4,2.436685,-75.527401,200512040002
2005,12,5,32.330472,34.851429,200512050001
2005,12,5,22.341896,91.815117,200512050002
2005,12,5,24.092858,90.415306,200512050003
2005,12,6,38.495311,39.20834,200512060001
2005,12,6,31.64,64.24,200512060002
2005,12,6,30.200819,66.994354,200512060003
2005,12,6,33.303566000000004,44.371773,200512060004
2005,12,6,33.303566000000004,44.371773,200512060005
2005,12,6,7.289972,-75.392693,200512060006
2005,12,6,34.157839,3.528346,200512060007
2005,12,6,9.666399,80.020477,200512060008
2005,12,7,42.321562,21.362007,200512070001
2005,12,7,8.757816,80.487907,200512070003
2005,12,8,7.39002,-73.50099,200512080001
2005,12,8,6.98848,-73.05084,200512080002
2005,12,8,24.886101,90.729134,200512080003
2005,12,9,5.337522,-75.729304,200512090001
2005,12,9,6.1429,-75.18417,200512090002
2005,12,9,3.93667,-75.2208,200512090003
2005,12,9,34.034916,36.227844,200512090004
2005,12,9,31.13251,64.2129,200512090005
2005,12,9,32.50368,67.475491,200512090006
2005,12,9,33.319571,68.451297,200512090007
2005,12,10,3.429344,-76.516037,200512100001
2005,12,10,2.535935,-75.52767,200512100002
2005,12,11,35.45211,44.375465,200512110001
2005,12,12,37.99749,23.762728,200512120001
2005,12,12,33.888523,35.503513,200512120002
2005,12,12,32.460617,35.301247,200512120003
2005,12,12,31.192114,34.449473,200512120004
2005,12,12,9.086163,79.818989,200512120006
2005,12,13,31.278791,34.256435,200512130001
2005,12,13,31.346964,34.30143,200512130002
2005,12,13,31.57578,34.507479,200512130003
2005,12,14,37.10783,70.567558,200512140001
2005,12,14,59.402479,17.944322,200512140002
2005,12,14,29.673584,68.714513,200512140003
2005,12,14,2.04998,-77.1333,200512140004
2005,12,14,9.19974,-73.5433,200512140005
2005,12,14,33.498229,67.761598,200512140006
2005,12,15,8.43557,-73.28742,200512150002
2005,12,15,31.67288,64.309987,200512150003
2005,12,16,31.578413,35.102066,200512160001
2005,12,16,34.205605,74.353867,200512160002
2005,12,17,-3.718291,29.316196,200512170001
2005,12,17,27.286093,87.009635,200512170002
2005,12,17,27.740711,85.36235,200512170003
2005,12,17,31.60063,64.369652,200512170004
2005,12,18,2.243589,-77.010385,200512180001
2005,12,18,33.303566000000004,44.371773,200512180002
2005,12,18,33.303566000000004,44.371773,200512180003
2005,12,18,32.073333,64.833889,200512180004
2005,12,18,31.622304,34.548407,200512180005
2005,12,18,31.556845,34.536339,200512180006
2005,12,19,33.303566000000004,44.371773,200512190001
2005,12,19,33.303566000000004,44.371773,200512190002
2005,12,19,35.45211,44.375465,200512190003
2005,12,20,4.858077,6.920913,200512200001
2005,12,20,7.083241,125.600998,200512200002
2005,12,20,39.150174,-84.518436,200512200004
2005,12,21,15.502404,45.449854,200512210001
2005,12,21,6.61451,5.985902,200512210002
2005,12,21,6.541147,101.280395,200512210003
2005,12,21,6.202025,101.252379,200512210004
2005,12,21,42.577588,8.832884,200512210005
2005,12,21,42.577588,8.832884,200512210006
2005,12,22,8.187272,125.852816,200512220001
2005,12,22,31.670149,34.575153,200512220002
2005,12,22,43.13302,-1.66915,200512220003
2005,12,22,37.99749,23.762728,200512220004
2005,12,22,33.303566000000004,44.371773,200512220005
2005,12,22,33.303566000000004,44.371773,200512220006
2005,12,23,6.547306,-71.002231,200512230001
2005,12,23,27.330907,87.062426,200512230002
2005,12,23,31.550039,65.45263,200512230003
2005,12,23,13.265534,100.963746,200512230004
2005,12,24,36.76029,3.472395,200512240001
2005,12,24,1.03033,-76.61475,200512240002
2005,12,24,40.53,72.8,200512240003
2005,12,25,16.690933,79.567945,200512250001
2005,12,25,33.303566000000004,44.371773,200512250002
2005,12,25,32.507639,63.769538,200512250003
2005,12,25,7.7114,81.696117,200512250008
2005,12,26,33.303566000000004,44.371773,200512260001
2005,12,26,33.303566000000004,44.371773,200512260002
2005,12,26,5.680984,5.76371,200512260003
2005,12,26,31.972643,67.375665,200512260004
2005,12,27,42.98542,47.450668,200512270001
2005,12,27,7.426267,81.82107,200512270002
2005,12,28,31.631083,65.742226,200512280001
2005,12,28,12.971599,77.594563,200512280002
2005,12,28,7.733107,81.68882,200512280003
2005,12,29,33.303566000000004,44.371773,200512290001
2005,12,29,32.312052,35.026458,200512290002
2005,12,29,34.006004,71.53743,200512290003
2005,12,29,34.110325,71.163803,200512290004
2005,12,30,31.1225,64.204722,200512300001
2005,12,30,27.809921,66.620956,200512300002
2005,12,30,30.100544,67.935956,200512300003
2005,12,30,33.303566000000004,44.371773,200512300004
2005,12,30,7.919971,81.557678,200512300005
2005,12,31,33.303566000000004,44.371773,200512310001
2005,12,31,33.303566000000004,44.371773,200512310002
2005,9,5,7.921328,81.52467,200609050004
